shop_id,weekend_sales_vs_FIT O ORANGE 1Ls_sold_vs_BOTTLED DRINKING WATER 1.5Ls_sold,total_sales_vs_FIT O ORANGE 1Ls_sold_vs_BOTTLED DRINKING WATER 1.5Ls_sold,FIT O ORANGE 1Ls_sold_vs_BOTTLED DRINKING WATER 1.5Ls_sold_vs_average_month_sales,quantity_per_shop_vs_LEMONADE 500MLs_sold_vs_LEMONADE 1Ls_sold,december_customers_vs_NECTO 500MLs_sold_vs_ORANGE CRUSH 500MLs_sold,november_sales_vs_FIT O ORANGE 1Ls_sold_vs_BOTTLED DRINKING WATER 1.5Ls_sold,ncustomers_visited_morethan5_vs_FIT O ORANGE 1Ls_sold_vs_BOTTLED DRINKING WATER 1.5Ls_sold,weekday_sales_vs_FIT O ORANGE 1Ls_sold_vs_BOTTLED DRINKING WATER 1.5Ls_sold,quantity_per_shop_vs_FIT O ORANGE 1Ls_sold_vs_BOTTLED DRINKING WATER 1.5Ls_sold,LEMONADE 500MLs_sold_vs_GINGER BEER 1Ls_sold_vs_NECTO 500MLs_sold,weekend_sales_vs_SODA 500MLs_sold_vs_NECTO 500MLs_sold,weekday_sales_vs_NECTO 500MLs_sold_vs_ORANGE CRUSH 500MLs_sold,december_customers_vs_FIT O ORANGE 1Ls_sold_vs_BOTTLED DRINKING WATER 1.5Ls_sold,shop_area_sq_ft_vs_shop_area_sq_ft_vs_NECTO 500MLs_sold,BOTTLED DRINKING WATER 500MLs_sold_vs_NECTO 500MLs_sold,november_customers_vs_FIT O MIXED FRUIT 1Ls_sold_vs_FIT O MANGO 200MLs_sold,november_customers_vs_FIT O ORANGE 200MLs_sold_vs_NECTO 500MLs_sold,ncustomers_visited_morethan10_vs_LEMONADE 500MLs_sold_vs_NECTO 500MLs_sold,october_sales_vs_FIT O ORANGE 200MLs_sold_vs_NECTO 500MLs_sold,shop_area_sq_ft_vs_FIT O ORANGE 1Ls_sold_vs_GINGER BEER 500MLs_sold,weekend_sales_vs_FIT O ORANGE 1Ls_sold_vs_FIT O ORANGE 200MLs_sold,october_customers_vs_FIT O ORANGE 200MLs_sold_vs_NECTO 500MLs_sold,weekend_sales_vs_FIT O ORANGE 200MLs_sold_vs_NECTO 500MLs_sold,LEMONADE 500MLs_sold_vs_FIT O ORANGE 1Ls_sold_vs_NECTO 500MLs_sold,unique_customers_vs_NECTO 500MLs_sold_vs_LEMONADE 1Ls_sold,shop_area_sq_ft_vs_LEMONADE 500MLs_sold_vs_NECTO 500MLs_sold,FIT O MIXED FRUIT 1Ls_sold_vs_LEMONADE 500MLs_sold_vs_BOTTLED DRINKING WATER 500MLs_sold,TONIC PET 500MLs_sold_vs_BOTTLED DRINKING WATER 500MLs_sold_vs_BOTTLED DRINKING WATER 1.5Ls_sold,shop_area_sq_ft_vs_november_customers_vs_BOTTLED DRINKING WATER 1.5Ls_sold,ncustomers_visited_morethan5_vs_FIT O ORANGE 200MLs_sold_vs_NECTO 500MLs_sold,shop_profile
SHOP047,208448520,407349320,135783106.6666667,935088.0,217674,161540680.0,42140.0,198900800,3059364,52164.0,470567340,86234400,502068,5018112,4338,1058400.0,3150000.0,2898.0,529852500.0,1521168,1861147500,2587500.0,779085000,17802,267264.0,218592,116403,607320,10348800.0,157500.0,Moderate
SHOP009,5247161040,10618232240,3539410746.666667,6048240.0,5141848,3920478320.0,1015256.0,5371071200,78040160,1624556.0,12368063040,1559244100,17711936,24219728,45209,12067785.0,42239940.0,50244.0,5848525620.0,15879916,26474312520,31674072.0,10094522040,581993,1588728.0,2830412,5458347,7131080,106780960.0,1953156.0,High
SHOP083,3268154100,6124729200,2041576400.0,2826204.0,1143818,2381987400.0,617160.0,2856575100,41791740,517940.0,4193347365,367518595,8890440,13252304,14645,7499520.0,11262672.0,17719.0,1706279670.0,7799012,14216470335,8023140.0,2966026185,189457,661200.0,921388,1661450,2787600,60353280.0,560106.0,Low
SHOP117,6342058350,11966279400,3988759800.0000005,4878174.0,1870720,4605128100.0,1247130.0,5624221050,81975330,433048.0,9396745515,620719400,16950240,16908112,14874,17720964.0,19076904.0,28120.0,2869968640.0,6144164,21703933020,12945856.0,5389567260,209494,1582749.0,950456,1206804,10962540,101846160.0,1059828.0,Low
SHOP042,2895171840,5414595120,1804865040.0,3676728.0,605568,2128428720.0,522720.0,2519423280,38315376,225986.0,2329895520,175827520,8677152,8682544,9272,3365908.0,6852027.0,7942.0,950932710.0,9012432,11975483520,4953585.0,1723743840,95304,769538.0,488072,908656,3897168,58937736.0,311220.0,Low
SHOP034,1270481880,2518408140,839469380.0,954450.0,380016,934620120.0,232116.0,1247926260,17837610,31590.0,1187394480,129095820,3673488,4392648,7254,1427166.0,3830814.0,4374.0,552245850.0,2793570,4840974060,2832336.0,1001580840,42282,236160.0,240084,424359,2056912,27591876.0,182988.0,Low
SHOP100,16326020410,29587784450,9862594816.666666,7375284.0,2881032,11040349880.0,3448182.0,13261764040,199574046,724164.0,13574928150,874214880,43705006,15988938,23058,25218072.0,28083762.0,49728.0,4464613440.0,18881434,44491521270,20091960.0,8731980810,665112,1467648.0,1917636,4021974,9996741,151388971.0,1844262.0,Moderate
SHOP057,3423725200,6743121400,2247707133.3333335,1743320.0,142290,2709317200.0,947920.0,3319396200,49153120,139810.0,1199488500,48814650,9675720,1789290,3620,2985920.0,2721600.0,5330.0,405822150.0,6845832,9787826160,1875960.0,719693100,55760,132800.0,173430,638206,5323210,40269600.0,199260.0,Moderate
SHOP098,6056792000,11330256000,3776752000.0,4636800.0,1071840,4014024000.0,1332800.0,5273464000,72128000,217008.0,4401989900,362550650,15590400,10053472,11110,15699600.0,11525976.0,17424.0,1875584700.0,11924640,22485840300,7925742.0,3533489190,110880,904200.0,535392,1618020,3757200,95397120.0,777546.0,Low
SHOP123,1493662500,2928324000,976108000.0,607984.0,248688,1107777500.0,227200.0,1434661500,20753300,59436.0,927753750,80017740,4458800,9724050,5022,398034.0,2476656.0,3276.0,387223200.0,4998000,3534300000,1886976.0,636174000,46800,166896.0,343980,195858,1485675,42739515.0,96768.0,Moderate
SHOP116,23374874250,42777018375,14259006125.0,8303400.0,1789320,16595601750.0,4060875.0,19402144125,314837250,613830.0,9938541510,601050200,57759975,19879693,23014,16737350.0,19829225.0,36260.0,3274708125.0,13340600,27827231250,15812875.0,5883471750,453250,1493172.0,1898470,3047800,97978062,329979741.0,1022125.0,Moderate
SHOP005,9332896300,17643885350,5881295116.666666,11674233.0,1062945,6579973400.0,1904630.0,8310989050,123968390,512095.0,4369026180,356185245,24802050,8755847,15410,7680940.0,10289165.0,20148.0,1803279695.0,17029200,28408926100,8925771.0,2840892610,386170,1368063.0,1035943,2836780,11218480,90677405.0,579761.0,Low
SHOP065,1845831000,3703110000,1234370000.0,5485640.0,984000,1444700500.0,439900.0,1857279000,25063700,491376.0,2457393120,336412800,5432500,7207296,8760,4003020.0,7828128.0,19488.0,1196616960.0,5518360,8527739220,5860008.0,1930808880,147552,830880.0,762816,952650,2755750,38688800.0,460152.0,Low
SHOP104,3468183600,6993046800,2331015600.0,2523150.0,428500,2375298400.0,524480.0,3524863200,47739600,131880.0,1576976100,147855000,10215440,5767380,6660,762624.0,4508220.0,5880.0,767396200.0,5040819,9840970965,3541200.0,1320935700,125160,447600.0,451080,671328,5860800,42659280.0,199760.0,Moderate
SHOP091,23971889400,46290136400,15430045466.666668,20635300.0,3803800,19237266900.0,4785900.0,22318247000,327720200,906360.0,17448253680,1273090000,66683540,23762752,40768,24697328.0,54259920.0,36400.0,7146067500.0,32782620,68988867750,34749000.0,13537438200,964600,5587972.0,2460640,5542880,44499840,245101376.0,2702700.0,High
SHOP015,1156170000,2170084000,723361333.3333334,2368800.0,1270080,723656000.0,268600.0,1013914000,13423200,1500.0,1571031000,375744600,3427200,5834430,7260,3854094.0,5262660.0,16500.0,947988600.0,4233600,5746845000,4274010.0,1724053500,150000,509400.0,661500,568700,320892,15563772.0,400530.0,Low
SHOP062,28078364160,55101750480,18367250160.0,19348099.0,11888700,23001995520.0,4378248.0,27023386320,445801608,3882032.0,26100856320,3108933000,103338648,22542300,95496,53681740.0,136994900.0,151248.0,13221030200.0,24948000,74914963200,74485500.0,27349907200,3176208,5385588.0,6238980,13793982,44962008,276264450.0,4264660.0,High
SHOP084,18150813075,34798752885,11599584295.0,17727380.0,2710620,14089167900.0,4332039.0,16647939810,243340098,833055.0,20599898000,966182850,46705692,14085493,28009,35330024.0,32309214.0,94905.0,4823596575.0,19863081,49464429525,24291351.0,8357004075,769785,2354088.0,2168755,6616180,41749307,197702842.0,1994559.0,Low
SHOP032,857627680,1689309440,563103146.6666667,2875278.0,490200,647672480.0,133952.0,831681760,11726624,133280.0,1555039200,171363000,2379104,9996980,9420,2959632.0,3839040.0,7480.0,616654400.0,4825275,4609748780,3109760.0,1013131600,61880,658980.0,480760,832728,1733280,25248384.0,158240.0,Moderate
SHOP041,2518565425,4802749700,1600916566.6666667,4055436.0,1855701,1785251875.0,517845.0,2284184275,32939445,317504.0,5049547495,586492085,7227315,18736016,15170,4473424.0,9741764.0,27060.0,1502455660.0,4816500,6089189825,7494267.0,2627966135,171380,1382766.0,1219504,944240,5407550,66434576.0,540339.0,Low
SHOP051,12546509400,23989671700,7996557233.333333,11676600.0,3826440,9730741700.0,2967800.0,11443162300,175019260,2624400.0,12706479720,1374197400,31863380,24676704,38016,22467316.0,27642816.0,116640.0,4001965920.0,17981600,24032750400,19696608.0,6830360640,923400,2349000.0,3285360,5955840,59281024,180656944.0,1615680.0,High
SHOP066,5449454380,10326023620,3442007873.333333,1775259.0,838500,3560263880.0,1087964.0,4876569240,63062588,0.0,3180372750,290183400,14091100,6627000,8190,4925151.0,3399000.0,14760.0,623760000.0,5895210,4697805500,2601000.0,1247205000,138990,428220.0,578100,705159,10228764,61771160.0,249000.0,High
SHOP088,13878184320,25291069440,8430356480.0,19763700.0,5722251,10357603200.0,3160640.0,11412885120,260139264,1267860.0,14314116960,1142700390,57151808,25636731,81345,31666320.0,51984810.0,109497.0,5268930360.0,18422656,23283580320,34372470.0,10602344610,645456,3392775.0,4085967,10093160,111203400,430760040.0,2414595.0,High
SHOP006,1822585590,3551348430,1183782810.0,6836054.0,1444026,1405872720.0,289044.0,1728762840,25557084,310503.0,4988458200,462412540,5398596,13252304,17342,6929880.0,18465460.0,16211.0,2406645475.0,4001920,11658761790,11979175.0,4568974215,92278,1708912.0,842972,1311414,3955770,67289040.0,724594.0,Low
SHOP120,784664550,1464985575,488328524.99999994,586256.0,828733,541248075.0,170775.0,680321025,10342755,57536.0,2667606760,260515845,2164185,7751381,9831,1709820.0,3772755.0,2784.0,573458760.0,3032205,2563237530,2864736.0,1077302730,32016,384076.0,239888,227808,2211975,20589525.0,234465.0,Low
SHOP036,7835224215,14835830100,4945276700.0,9002934.0,2682243,5965884015.0,1463280.0,7000605885,105154959,4437.0,13413821610,917415795,20467629,6283251,21675,11327690.0,26338032.0,70992.0,4059775440.0,11147058,28930058640,19192320.0,7340462640,891837,1836000.0,1557387,2477325,15663375,49093317.0,1370880.0,Moderate
SHOP027,5756461920,11143498080,3714499360.0,4092750.0,562140,4735671600.0,998448.0,5387036160,78811920,132804.0,2475194220,177724800,17039088,6351048,8424,4345173.0,6925824.0,8568.0,873999360.0,6272640,11884308480,4658688.0,1620587520,80784,864000.0,363528,779688,12418848,110704968.0,281088.0,Moderate
SHOP011,25842616000,47573568000,15857856000.0,18432792.0,7576695,20002456000.0,5409600.0,21730952000,331862400,1296918.0,38976704235,2492563815,66056000,23983407,48132,33757560.0,56849688.0,257544.0,7731703980.0,30652560,53623428200,38610936.0,14688156420,2115540,2810052.0,5675166,10038960,52563200,268320960.0,3074652.0,High
SHOP077,33308163900,59098142700,19699380900.0,26261820.0,6594786,22923672300.0,6026400.0,25789978800,388702800,2954367.0,13420762575,1931937480,88035660,41376528,40470,36536316.0,54161229.0,126711.0,8360674785.0,34863840,86560104950,39715035.0,15915890265,2067390,4954041.0,5681988,9469980,19898460,311520168.0,2879640.0,High
SHOP069,5378572840,10466951700,3488983900.0,5030781.0,3273435,4025111960.0,1015576.0,5088378860,67096636,2499.0,5736386670,1039995825,16015908,9918531,15861,8030772.0,11239074.0,27489.0,1586782890.0,9464742,8811704440,7343490.0,3078061140,364854,2045610.0,1102059,1401988,5759098,59320674.0,581196.0,Low
SHOP016,19447446460,36511095620,12170365206.666666,18446400.0,2315808,15213640665.0,3841051.0,17063649160,257555664,1211364.0,19042194600,825801240,47851872,38277657,15015,14582784.0,35516448.0,55440.0,5446221660.0,50989488,79217121360,26095212.0,9718085520,745668,2550075.0,2985444,2446080,63878360,284560632.0,1919412.0,High
SHOP106,1808804800,3562070600,1187356866.6666665,3282606.0,1075516,1453887600.0,382360.0,1753265800,25584240,392311.0,5918229920,348479690,5411120,14085493,23828,4707725.0,20316700.0,8510.0,2709669100.0,7465700,15374840800,13737360.0,4701397600,102971,2045952.0,525067,785036,2730560,39858200.0,993820.0,Low
SHOP031,13857000420,27424589220,9141529740.0,8412864.0,2768320,11474638020.0,2480172.0,13567588800,213574248,3526.0,9514489725,1019161600,36853260,3640964,30463,20975724.0,32876547.0,63468.0,4855596790.0,11552268,43683348885,22172062.0,8408531945,751038,1345456.0,1050748,5878616,48497096,75800472.0,1504987.0,Moderate
SHOP105,3085431405,5792623690,1930874563.3333333,5429844.0,855360,1770125595.0,494326.0,2707192285,35543634,1044.0,1407077460,244472400,9471924,3500658,5256,6280288.0,4551516.0,13572.0,858270510.0,2309076,11006240385,3519036.0,1664809470,124236,620298.0,460404,948416,626048,31260726.0,266724.0,Low
SHOP118,7085376095,13407725555,4469241851.666667,7508648.0,2642192,5003873430.0,1403593.0,6322349460,90872989,307272.0,8341012365,852341280,19598794,11801359,18941,21931362.0,25315344.0,41664.0,3945434480.0,13778227,38027841320,19098232.0,7232288840,282968,1495471.0,1071112,2018744,6468046,93879018.0,1432696.0,Moderate
SHOP127,24295173760,47229513760,15743171253.333334,15352532.0,2229612,18049482880.0,3976544.0,22934340000,362469536,609588.0,12061673400,727177500,70319392,30202368,44646,17593200.0,39887694.0,44772.0,5984133540.0,31925504,58529282240,27326376.0,11818412760,716352,2552004.0,2920512,7844940,83604950,334296864.0,1934394.0,High
SHOP095,2344209000,4348092000,1449364000.0,1131810.0,813216,1549454550.0,411810.0,2003883000,28368270,124992.0,1216454400,266152800,6122760,7962624,6984,4112640.0,5003712.0,5208.0,916620120.0,4027968,7334025300,4462344.0,1585735200,82584,334080.0,428544,487134,2159220,38384640.0,278568.0,Low
SHOP060,9368699760,18640568520,6213522840.0,3968140.0,3318900,7550814600.0,2163672.0,9271868760,141707160,455396.0,4970194830,1001745030,30718800,16908112,27639,10162944.0,16142656.0,40256.0,1885490400.0,13031928,12020218560,10617520.0,3529746720,317016,816442.0,1700816,3352536,10927116,229872448.0,815184.0,Low
SHOP067,2622871550,5140088850,1713362950.0,3202752.0,761050,1980624100.0,360490.0,2517217300,36555220,103200.0,3385453500,254347250,7531940,11424400,13725,4704660.0,7342725.0,4000.0,1094309125.0,4706312,8917763270,5292950.0,1889356625,94400,964425.0,540800,1036512,7529535,58396260.0,259675.0,Low
SHOP071,1459202250,2835145125,945048375.0,1723167.0,313320,1168152375.0,168075.0,1375942875,20909775,71280.0,1293943200,92834700,4643850,7434240,5925,3598608.0,2433990.0,405.0,304379100.0,3096896,3074052740,1656630.0,555551700,33615,438900.0,285120,511920,3495750,54225600.0,63990.0,Low
SHOP073,7055562125,12620766150,4206922050.0,6312150.0,980720,5175876925.0,1427850.0,5565204025,85591675,353600.0,3806846000,287643700,18974540,9139520,10100,4538772.0,7111440.0,20800.0,901088400.0,8466900,15150891300,4712400.0,1814478000,217100,775080.0,878800,2035150,10314625,111935460.0,367200.0,Low
SHOP035,2045863225,4245146800,1415048933.3333333,7239348.0,1840608,1689379325.0,465405.0,2199283575,32194595,522852.0,4608391480,663690720,6099255,6387084,12496,2217123.0,14946624.0,22440.0,2285015040.0,5213985,9681831600,11368896.0,3704352960,258060,2022768.0,854964,622812,4516736,27348561.0,842688.0,Moderate
SHOP021,5853467895,11197871925,3732623975.0,5375808.0,1018704,4179390240.0,1197282.0,5344404030,75691584,415776.0,2491963320,333819360,16309317,10967424,11232,8402832.0,7645344.0,20496.0,1103601240.0,9445748,13658091755,5015304.0,2087861160,229848,764592.0,989664,1513044,5005260,92290224.0,427056.0,Low
SHOP103,1646084720,3041568880,1013856293.3333334,1803648.0,160740,1277106880.0,240800.0,1395484160,18801664,80640.0,766987980,66065280,3395280,5981232,2100,6041772.0,2299968.0,5544.0,395503680.0,8065344,6737463040,1717056.0,721871040,56448,180576.0,355824,558600,1399650,33059862.0,105600.0,Moderate
SHOP053,12550447000,23875194000,7958398000.0,15015780.0,4735656,9808484000.0,2307200.0,11324747000,172463200,583848.0,7288310900,1498447800,35790440,20176517,34662,14819805.0,32544915.0,64395.0,4106287625.0,13561660,20409707500,21323755.0,7726532125,601020,3971131.0,2648781,2595726,14146020,232977966.0,1420400.0,Moderate
SHOP085,4140103500,7533920250,2511306750.0,3609270.0,1453452,3139258500.0,610650.0,3393816750,52319250,269280.0,4237305930,476118060,10360350,12562737,18513,7297875.0,13634676.0,10098.0,2004306480.0,6598815,12696317400,10137204.0,3643291080,193545,945252.0,1038411,1859715,7422030,83128410.0,537372.0,Low
SHOP063,12639661840,24559469920,8186489973.333333,7999929.0,1569753,9851126840.0,1826584.0,11919808080,165320824,443394.0,3441884940,505150830,37040728,12338352,16065,9581220.0,9755424.0,16767.0,1323120960.0,16380156,18626870080,6422976.0,2552921280,367011,1236627.0,1259388,2709630,11214560,165738976.0,368928.0,High
SHOP048,4661086250,9192242500,3064080833.3333335,2538865.0,965952,3276538750.0,838750.0,4531156250,65071750,203840.0,1692662010,332185750,13176000,9897914,12272,2387112.0,7019246.0,6370.0,1277271580.0,7943875,9436789375,6428422.0,1962852190,113750,741676.0,561470,644280,6622160,82274482.0,353210.0,Moderate
SHOP055,677794600,1229146100,409715366.6666667,979506.0,290682,552947500.0,125020.0,551351500,8514660,126072.0,1284242400,78349950,2045540,9331200,5670,3049840.0,2724372.0,1836.0,249694200.0,4719600,3219524350,1328670.0,610015140,58140,221940.0,440640,428400,793800,22942080.0,112518.0,Moderate
SHOP125,1491934950,2885710050,961903350.0000001,6295871.0,399960,1285409250.0,415530.0,1393775100,25945110,201300.0,2224190540,126185400,4417740,23249248,9966,1113684.0,5870436.0,16104.0,585435730.0,14063040,5728293450,2750484.0,1400249510,120780,569734.0,1379576,607926,8696241,71443944.0,389994.0,High
SHOP014,4589050050,9135863100,3045287700.0,12858360.0,838800,3558629700.0,1115490.0,4546813050,69907650,867350.0,7394175750,251901000,15140340,9517225,18600,5440272.0,21470000.0,41500.0,2817343750.0,5627040,22945250250,15663125.0,5031853125,236550,1381800.0,1280275,3149352,19437000,105975920.0,1223125.0,Moderate
SHOP008,5134255,6594980,2198326.6666666665,0.0,816,0.0,0.0,1460725,44863,192.0,1337495,36825,32368,459684,25,0.0,0.0,0.0,0.0,33222,2114105,0.0,302015,56,0.0,5424,600,7225,0.0,0.0,Moderate
SHOP089,12134011860,25764827460,8588275820.0,15120000.0,4530080,9645690480.0,2620002.0,13630815600,190545600,1092960.0,4560328680,1474208000,41886006,21020896,33304,11097405.0,22380840.0,41400.0,3542225400.0,23580232,25946943600,17501160.0,5577380400,590640,4048920.0,1865760,2389200,12892992,153809604.0,1204280.0,Moderate
SHOP075,10867792140,20921114700,6973704900.0,21885528.0,3852638,8305275060.0,1808325.0,10053322560,160000596,986102.0,16234753320,1169989760,33104403,23123326,34638,13966150.0,31381200.0,53544.0,4221723600.0,18594234,22879562400,23349600.0,7464254400,629142,4177444.0,3163558,4893747,60132321,229747905.0,1242000.0,High
SHOP020,16268217500,31340652500,10446884166.666668,11921315.0,2787840,12339407500.0,3540000.0,15072435000,213786500,973840.0,13389570200,980985600,42834000,15227560,28000,17665290.0,37287600.0,41360.0,5756973600.0,19075172,62860392420,26584320.0,10654303800,443680,3306800.0,1159960,3717700,15750000,148851250.0,2318400.0,Moderate
SHOP086,19314951600,36805356000,12268452000.0,18119250.0,4281450,14546263200.0,4341120.0,17490404400,257051760,2028780.0,12961349100,1359999490,55062000,14855314,22644,29789280.0,29900416.0,67320.0,4464023200.0,22685520,52861972800,23205000.0,7488779480,734400,2689400.0,2022660,5394600,37468494,212397808.0,1683136.0,High
SHOP026,4291111440,8687604240,2895868080.0,8446960.0,2425140,2988972000.0,945168.0,4396492800,60519984,419220.0,7154054325,730944000,14586768,20563920,29295,14833326.0,28736235.0,61200.0,4528841625.0,11291904,31187184930,21923055.0,8065651275,532440,1903500.0,2068560,2567544,1859256,59396064.0,1776555.0,Moderate
SHOP068,5981666420,11962247260,3987415753.3333335,8014560.0,2942436,4362161990.0,1218262.0,5980580840,81925104,507990.0,11580490320,957924240,18370426,15988938,24486,21906868.0,31497480.0,42126.0,5156616150.0,8950819,35162498550,24372180.0,9060275700,403914,1978200.0,1528926,3336509,4573052,78714392.0,1845270.0,Low
SHOP090,1212509700,2314577625,771525875.0,1398210.0,621530,988355775.0,184110.0,1102067925,16206525,105248.0,1496554800,206993150,3309135,13855400,9022,3042336.0,4937088.0,2288.0,594914320.0,3598900,3914066400,3138304.0,1197243840,48620,679744.0,417560,335896,1305414,42941520.0,181792.0,Moderate
SHOP022,5531557500,11180673750,3726891250.0,7573280.0,4223328,4808523750.0,1173000.0,5649116250,91356000,1496690.0,11624287500,1405565620,16974000,31333050,43036,8432865.0,33179132.0,52780.0,4239699660.0,10565625,16274002500,23006396.0,7551137160,471250,2236828.0,2770950,2749110,13413876,142914870.0,1601264.0,High
SHOP052,25033776720,47572184640,15857394880.000002,9258300.0,3447600,17897640000.0,3656784.0,22538407920,327050400,389232.0,5635321670,1115892750,69633408,12943426,23834,21071024.0,19089606.0,22032.0,2850933150.0,17893000,36874076520,14108742.0,5403959490,425952,2264706.0,1132812,4466772,25833252,235184358.0,789378.0,Low
SHOP039,17544488940,34277332320,11425777440.0,14386000.0,4728620,12914882640.0,3649140.0,16732843380,276297516,1643200.0,13229162180,1472378700,53738388,21299200,62296,18268120.0,49420072.0,109200.0,7438268760.0,28556800,45544784420,36911368.0,12207880360,1008800,2567760.0,3328000,7787000,46254780,234305280.0,2539160.0,Moderate
SHOP003,5662791540,11055755340,3685251780.0,3755520.0,796824,4172885640.0,933660.0,5392963800,74922624,316008.0,2781722160,283840200,15139656,13778100,9807,5396400.0,8278977.0,13608.0,1253444850.0,9695700,13064159430,6108438.0,2177359905,190512,433440.0,1224720,2521800,10807314,138417660.0,358995.0,High
SHOP037,5876208000,11258371800,3752790600.0,9693600.0,3389755,4305762000.0,1331280.0,5382163800,89319600,648240.0,8679933600,939097185,19427400,19021293,28527,6559476.0,25978218.0,24420.0,3482264250.0,10266723,21448159200,18296574.0,6151797600,286380,2205644.0,1591740,2868120,7679160,137922120.0,1393716.0,Low
SHOP059,5720017500,11604751200,3868250400.0000005,16315200.0,6413784,4707799650.0,1243620.0,5884733700,86266620,1873920.0,13912849500,2206427340,17106120,23222029,49105,24057696.0,41061052.0,92720.0,4961806490.0,14410035,19654953750,27111328.0,8881127250,658800,4527420.0,3010960,5023200,9458750,120867832.0,1930894.0,High
SHOP043,29003382720,54312345360,18104115120.0,15051936.0,9506112,22218618240.0,6372288.0,25308962640,414370944,1854720.0,55269173760,2896752320,83055024,29246464,71232,21568296.0,122227968.0,135424.0,15228262400.0,35591400,105294889440,78791936.0,28798602240,1377792,3809088.0,3980288,9420432,80688048,355613856.0,6327296.0,High
SHOP028,2479490650,4747561000,1582520333.3333335,6919900.0,1237432,1821469650.0,407680.0,2268070350,33907510,438620.0,4359544000,378842520,7408310,12795328,14700,6193440.0,16461984.0,21840.0,2322009060.0,8479744,14991381930,11730264.0,4283251980,178360,1140160.0,1230320,1569750,2730000,65734240.0,704256.0,Low
SHOP099,6442992270,12265907940,4088635980.0000005,6568100.0,1479630,4359577365.0,1217502.0,5822915670,84531447,259160.0,5135461240,471772570,18262530,8382400,19716,9634812.0,17187051.0,28644.0,2806867875.0,3649360,19659386670,13534941.0,5036702370,165044,1683300.0,709280,1846944,7515612,94484520.0,951762.0,Low
SHOP033,20287662200,37501301500,12500433833.333334,18474183.0,7300314,14643406050.0,4342130.0,17213639300,257074610,3332160.0,28781896900,2195632670,57234060,53593664,40584,45637020.0,77410242.0,208260.0,11748823695.0,28164144,64452342220,56164696.0,21810868660,2738619,5164047.0,8080488,5868720,19918080,212453280.0,4668139.0,High
SHOP013,7912350400,14135305600,4711768533.333333,15846300.0,4685040,5574787200.0,2296160.0,6222955200,106111520,1760400.0,12784922820,1338210720,21786400,21500694,25704,15287454.0,32162130.0,145800.0,4459247100.0,13225760,26958008000,23014530.0,9098327700,864000,2512134.0,3407400,3855600,18341708,110305741.0,2640330.0,Moderate
SHOP058,94833873355,189748155285,63249385095.0,32013125.0,5831955,76728659085.0,22654242.0,94914281930,1485810625,4136718.0,43448034540,2205193770,251014595,17305257,70338,62419500.0,114864975.0,261345.0,18971430840.0,64815783,195550741335,82560681.0,32122167885,2591049,3706197.0,4114317,23116522,208866840,538478525.0,7673454.0,High
SHOP113,7532734000,14924844000,4974948000.0,12009600.0,4123854,5739254400.0,1615680.0,7392110000,103972000,827264.0,13109776900,1431974250,21288080,17511694,29302,11400480.0,40666990.0,61824.0,6569283000.0,25926340,51953709500,29275918.0,10863048350,647680,3024270.0,1816448,4402944,6410768,79087060.0,2329992.0,Moderate
SHOP126,5201328840,10087953220,3362651073.333333,2111200.0,2038766,3944600260.0,974988.0,4886624380,78540700,4784.0,8054732940,682662310,14593868,4948864,22770,7196060.0,16280596.0,26312.0,2516012780.0,7662080,13297736940,11855166.0,4189697940,349232,650992.0,784576,1492920,17105220,45407008.0,785358.0,Moderate
SHOP040,3562569360,7079302020,2359767340.0,2594350.0,1725360,2673538860.0,815994.0,3516732660,47519058,602000.0,3032463000,635343800,9550152,10243835,11900,9843116.0,13140330.0,31500.0,2259735450.0,6121956,14347882080,10135650.0,3638955600,241500,617155.0,946750,1598000,3425160,50432561.0,833490.0,Moderate
SHOP025,1715377500,3336435000,1112145000.0,2002980.0,1406300,1089720000.0,333000.0,1621057500,21460500,236425.0,3909154725,441287875,5166000,15994160,13860,2770200.0,7381500.0,15925.0,1462184500.0,5813600,7052107500,6675725.0,2468237625,122500,700140.0,828100,623700,1728540,34678800.0,479150.0,Low
SHOP082,14716927600,27332895300,9110965100.0,35605794.0,3367980,10711030100.0,3188660.0,12615967700,190929620,3675546.0,15654859080,1039414950,40879080,12658842,31332,39799252.0,47346096.0,117180.0,6558022800.0,16047270,53645574800,33639648.0,12178995360,722610,5809524.0,2144394,5480862,21923448,169781544.0,2638776.0,High
SHOP111,44523615400,85409881900,28469960633.333336,34130160.0,5774556,35987684200.0,9846060.0,40886266500,613536800,3028410.0,35540454180,2157241950,109445320,21699273,44289,50875560.0,62416197.0,188784.0,9275080470.0,49105796,110261424020,43002624.0,15951525810,3099204,4553901.0,4853322,12867120,89557020,272818890.0,3527559.0,High
SHOP072,23595933900,43863730680,14621243560.0,12363120.0,3686352,18224929800.0,3966732.0,20267796780,327622680,983136.0,14084708400,1211796720,61655748,18273072,40320,12570480.0,41154048.0,48048.0,6032189760.0,18671037,50976121350,28996896.0,10592440800,853776,2944512.0,2280432,5109720,35259840,244865088.0,1780704.0,High
SHOP078,16431573280,31442011940,10480670646.666666,8444664.0,2086869,11670959960.0,3524688.0,15010438660,201462028,930240.0,7703244000,680243865,46049396,9082284,22338,10809195.0,20099661.0,89148.0,3330766140.0,12344766,23946012280,14602422.0,6136917720,771324,1903014.0,1635672,3162360,4525416,114123992.0,1316412.0,Moderate
SHOP112,1511154000,2749941750,916647250.0,1239840.0,356439,1070067750.0,310800.0,1238787750,19114200,148920.0,939638280,110040065,4012650,7585808,5729,2286955.0,2695996.0,3060.0,428459840.0,7615200,6698088000,2169064.0,759116640,76500,266832.0,340680,556050,1496280,23900372.0,156128.0,Moderate
SHOP094,4227512400,7816086000,2605362000.0,11339000.0,1620150,2990156400.0,1181880.0,3588573600,53626800,508368.0,5907475350,468657000,12405720,9596496,10731,19855104.0,12819072.0,28560.0,1725403680.0,8967816,21419396160,8886528.0,3356771040,191352,1186500.0,965328,3579044,11589480,81444480.0,938448.0,Low
SHOP018,48858864140,98900616990,32966872330.0,38729848.0,5581594,42818811170.0,9680726.0,50041752850,768697648,2717450.0,26799519960,2042801350,136730254,17511694,47518,57426600.0,66368064.0,159850.0,9022057280.0,78347894,136266923840,41084992.0,17079777920,2346598,3584458.0,3945098,15794570,82421004,319182738.0,3384128.0,High
SHOP122,7257841920,13615635600,4538545200.0,7895601.0,1980721,5289495120.0,1493856.0,6357793680,104359248,833451.0,10063282800,577287135,21814128,17203175,28905,9332620.0,32035764.0,61617.0,4445129340.0,12458160,25866293760,22857228.0,8442470880,466992,1869378.0,1962015,2503665,8588475,115708670.0,1737684.0,Moderate
SHOP017,4012485840,7853848200,2617949400.0,7672562.0,798600,3130433460.0,1074084.0,3841362360,54913848,214320.0,3616932000,243124200,12617880,7613780,8640,4400000.0,9120000.0,15040.0,1196686500.0,7411404,14475423600,6298500.0,2193246000,124080,1246200.0,579980,1015200,7405776,77988800.0,587100.0,High
SHOP045,11805636700,23562910800,7854303600.0,13068241.0,2440512,9308985400.0,2037750.0,11757274100,167720410,991632.0,6361226400,789299520,36353460,26427072,36576,26710560.0,34558848.0,35040.0,4831259040.0,17058580,32444861700,24353424.0,8196596640,665760,3638688.0,2599968,4505706,18088356,194386192.0,1414800.0,High
SHOP007,2217044520,4678635735,1559545245.0,9069682.0,3122672,1738067220.0,452709.0,2461591215,31041306,487060.0,7638866760,1208553640,6360282,18653761,24549,3843560.0,13778800.0,86975.0,1980004250.0,5647401,6104905200,9719640.0,3693090800,281799,2013949.0,2146543,1742979,5600178,63008040.0,754110.0,Low
SHOP119,3403712480,6792149700,2264049900.0,8937520.0,3093540,2594978260.0,865242.0,3388437220,50782228,812912.0,5750814720,894532200,11718154,9140607,19646,4959792.0,17238096.0,83942.0,2263032140.0,6777729,9829088080,12077308.0,4238230640,481562,1495540.0,1948338,1689556,4383148,56010528.0,1077381.0,Moderate
SHOP001,819052080,1669340830,556446943.3333333,1473540.0,118490,615425990.0,150306.0,850288750,11542730,55350.0,539800800,37506250,2686238,3364000,3530,1449981.0,954990.0,1230.0,155628000.0,3376760,2282889840,778140.0,278401200,33620,134160.0,237800,564447,1791828,19872540.0,51090.0,Low
SHOP054,4240291275,8173533525,2724511175.0,6357690.0,657696,3277722300.0,943635.0,3933242250,61397550,428640.0,3271823280,238786800,10833420,25018584,13704,4283680.0,8870352.0,16920.0,1416301800.0,24366165,21052674225,6622200.0,2350065960,242520,1027080.0,1151688,2146960,9666459,76005282.0,522984.0,High
SHOP102,5923142160,11059197180,3686399060.0,4541550.0,2142459,4112849880.0,879336.0,5136055020,87005412,642345.0,7130031480,593276805,18547476,12562737,26103,8676360.0,19057005.0,22440.0,2535616710.0,10993706,15837967080,14076612.0,4429261980,330990,746790.0,1730685,3765160,14408856,133253490.0,657558.0,Low
SHOP115,1317496320,2463982080,821327360.0,2399040.0,752388,973297920.0,306432.0,1146485760,17912832,146160.0,1331220240,232879920,3704064,12795328,13272,2071872.0,4861836.0,12600.0,666928920.0,5110560,3643700760,3612924.0,1214566920,105840,560000.0,851760,682560,1941504,42441984.0,282492.0,Moderate
SHOP079,9725455280,17967551160,5989183720.0,9482304.0,5268952,7020086465.0,2002375.0,8242095880,121712362,1245192.0,20710077440,1551792320,27985193,23762752,32396,22704078.0,32728332.0,97344.0,4535714820.0,23092836,35269422160,22225840.0,9502642240,782808,2198976.0,2741856,4324866,15822954,117321828.0,1956500.0,Low
SHOP049,8903065600,17754725560,5918241853.333333,9100800.0,1506400,7086479400.0,2130128.0,8851659960,128785800,741888.0,6055526400,456103200,29234920,8938300,20692,7996450.0,20120100.0,28672.0,2537595060.0,12635095,36725145600,12048036.0,4920115200,374528,1394400.0,1012480,3641792,13680368,98423000.0,1177176.0,Low
SHOP121,29008736200,56469035350,18823011783.333336,5704160.0,967680,21346924450.0,4656120.0,27460299150,359297260,225120.0,2329909680,374526180,70950400,6468525,12411,8414688.0,6956208.0,10920.0,1255156560.0,15828600,24194008200,5373333.0,2209018140,193200,1079232.0,466200,1749360,43726317,220428240.0,354564.0,High
SHOP010,7920819200,15199027200,5066342400.0,13204080.0,2613153,6024704000.0,1702400.0,7278208000,109544960,760240.0,10681613660,820829150,23170560,16369627,25155,9832704.0,31852035.0,34400.0,4437080775.0,10797500,25061967000,23005215.0,7697604150,481600,2817747.0,2122480,2995200,15575040,144447104.0,1654425.0,Moderate
SHOP124,20825278425,40797116775,13599038925.0,19564776.0,2581565,16819494075.0,4065030.0,19971838350,305223210,2877084.0,14441171220,927816470,55569825,17994564,35819,13341006.0,54177340.0,123480.0,7762479550.0,28066284,79270414650,37264990.0,13922044150,1722546,2458918.0,3741444,5802678,37277345,176024820.0,2717540.0,High
SHOP012,1260458880,2730750900,910250299.9999999,2203200.0,1465672,1048880040.0,311052.0,1470292020,19424880,0.0,1262444480,409495320,5262492,3838464,6732,1795680.0,4859008.0,13056.0,524804280.0,2967552,2109898560,2832676.0,1039660160,112608,644130.0,548352,408672,1530144,28686336.0,256564.0,Low
SHOP093,4444575300,8599664700,2866554900.0,7714464.0,382704,3327706800.0,712800.0,4155089400,69711840,204624.0,862477070,110988920,14327280,6958350,8036,5489088.0,3683680.0,6496.0,531549200.0,6607260,8559922800,2649920.0,907870600,107184,710668.0,572460,1598016,8368920,96317100.0,145600.0,High
SHOP004,2560496250,4710706250,1570235416.6666665,4445064.0,1424250,1757347500.0,536625.0,2150210000,31462125,375840.0,3733493400,438156000,6989375,7987680,9810,8876790.0,9230850.0,18360.0,1300465800.0,5611500,10580163750,6563430.0,2539239300,135000,1360320.0,557280,918216,2426340,38423940.0,532170.0,Low
SHOP101,17463223800,31849006200,10616335400.0,16349500.0,3601008,12500426400.0,3066360.0,14385782400,208998240,2311065.0,8976649230,1159960320,44659560,24351531,27540,24204096.0,34391187.0,82365.0,5299697385.0,25174512,49042553505,26657037.0,9886048335,1225785,3436125.0,3347895,5540400,11793600,165922920.0,1735887.0,High
SHOP046,10684455500,23172426800,7724142266.666667,3978750.0,1302480,8809315500.0,2213280.0,12487971300,163075700,201150.0,2759050350,526493520,30893700,8019675,21276,6864150.0,5679828.0,22950.0,903762090.0,6242975,7761349750,4436586.0,1445216850,195750,703080.0,735750,2955000,43100448,157827640.0,299376.0,
SHOP024,4155354840,8608596360,2869532120.0,739935.0,666144,3738833280.0,703248.0,4453241520,59852520,80514.0,1812667545,251674560,11787048,12338352,10719,3004416.0,5422032.0,1701.0,655695810.0,5536440,3809075270,3359664.0,1130165190,51597,398763.0,383292,400176,7003080,148092672.0,191268.0,
SHOP023,4833197460,9630981360,3210327120.0,4404960.0,1407510,3874178880.0,968760.0,4797783900,65854152,73216.0,4389570640,521498250,12949092,9897914,15626,18094776.0,8730540.0,3744.0,1293027450.0,6930144,10244277225,5972460.0,2276506050,48672,2605590.0,256672,682736,9289056,97747608.0,456300.0,
SHOP097,13671041230,25858265510,8619421836.666666,8155225.0,1144044,10494632610.0,2609684.0,12187224280,192376030,2145.0,9671216940,410549040,33961158,3171300,14124,6874200.0,12938772.0,23595.0,2109995580.0,12565230,27342082460,9269568.0,3940125420,491205,1266771.0,664950,1669200,35922040,60773020.0,752136.0,
SHOP044,949691500,1754160500,584720166.6666667,2493792.0,498312,672797250.0,140700.0,804469000,12431850,120960.0,3084654690,155610720,2576150,13803075,5724,2209320.0,3801330.0,5184.0,540627750.0,3497065,2469197900,2769390.0,995049900,57888,879984.0,617760,230656,2321400,38717250.0,147420.0,
SHOP030,5806002150,11463532470,3821177489.9999995,4322136.0,2880480,3906210555.0,1255995.0,5657530320,78493077,331520.0,4760386000,1163942400,14001039,11236000,18920,7441434.0,23783760.0,42560.0,5264173200.0,5828940,22042255950,20094360.0,7535814000,262080,851240.0,1187200,1562792,11277739,83007540.0,1630200.0,
SHOP038,6294452740,11808194570,3936064856.666667,4900150.0,2634834,4342165560.0,1019810.0,5513741830,79007462,2116.0,2920120940,834406190,17410938,7770366,19228,6414408.0,13068048.0,6348.0,2007665400.0,6960696,11300277360,9974088.0,3560361360,308936,2048150.0,869676,1269048,6688836,65037462.0,576840.0,
SHOP029,10894811400,20107697280,6702565759.999999,3272360.0,3345672,7950422700.0,1859748.0,9212885880,143735592,1170672.0,9971087400,922879760,33399036,20671722,38106,14193326.0,35137676.0,33640.0,4598637590.0,12789531,32766970650,22151012.0,9847068900,649252,1190160.0,2008308,2705526,10927224,120254904.0,1680898.0,
SHOP096,6586512915,12634403610,4211467870.0,8113420.0,2507400,4433656590.0,1136742.0,6047890695,82450074,492450.0,9836469300,787681125,19252056,15994160,22260,9055488.0,22475460.0,24500.0,3715265400.0,10148112,26800293930,17271660.0,6748275450,340550,1485715.0,1656200,3472560,5865192,106684968.0,1164660.0,
SHOP092,5919376650,11218165200,3739388400.0,10889384.0,2339766,4705441125.0,851730.0,5298788550,81090570,636480.0,6885583380,759907980,16315035,14846871,21021,13147680.0,26422812.0,37128.0,3484990860.0,11300355,26869979400,17741256.0,6351086040,437580,2541357.0,1636284,2052512,5564636,92089101.0,913848.0,
SHOP081,5951005500,11355877500,3785292500.0,8934072.0,777740,4487481000.0,902700.0,5404872000,92801100,222940.0,2824206000,225966400,18602700,11981520,17160,12644424.0,10287360.0,9940.0,1393944800.0,21594600,18962526000,6858240.0,2528336800,213000,952800.0,1099080,4812522,18426408,124942176.0,383520.0,
SHOP076,6968261300,13554589100,4518196366.666667,4273584.0,2591221,5241765100.0,1289080.0,6586327800,94956420,308728.0,6778654190,825370470,20677540,16908112,22089,10048896.0,12946152.0,24864.0,1900006980.0,9051640,12428466050,9258621.0,3537332645,269360,1031856.0,1400672,2607696,13759656,132614976.0,654382.0,
SHOP080,1367737980,2411222625,803740875.0,1206918.0,760240,854323575.0,214179.0,1043484645,16081653,82992.0,1872873600,238144400,3331167,7979816,7280,2516228.0,5341050.0,6422.0,847460250.0,2524578,6280429500,4141800.0,1755819000,45942,593424.0,273676,276640,905520,24784298.0,274950.0,
SHOP074,8173542510,15663930450,5221310150.0,19594275.0,3307248,6002079090.0,1430996.0,7490387940,103104722,938400.0,8811663210,1098781740,22545488,12943426,16388,25537400.0,21768432.0,30600.0,3406202790.0,10480362,25771679955,16452396.0,5880786030,379950,3444404.0,1573350,3072750,8313536,125285552.0,1029588.0,
SHOP107,3105276200,6420480300,2140160100.0,2527951.0,659400,2581185100.0,859040.0,3315204100,61651460,107670.0,3953457900,226920750,9633520,10372320,28980,5497065.0,5833620.0,12210.0,757949400.0,7215936,5589497160,3531060.0,1421058600,130980,469710.0,652680,2251746,13562640,63521640.0,393120.0,
SHOP108,4636816380,9245844090,3081948030.0,4572048.0,1622400,3021236820.0,1052352.0,4609027710,61420086,337875.0,3563690750,504546000,14820624,11424400,15700,3226080.0,5791500.0,19125.0,1107229500.0,9369360,8634071880,5192100.0,1713109500,160650,830800.0,861900,1505316,9342756,84101160.0,388800.0,
SHOP019,4743065340,9252789780,3084263260.0,1942560.0,3699241,3455953800.0,940680.0,4509724440,56398992,2385.0,6205192830,1349206690,12364716,8952813,15317,7202160.0,13859871.0,47700.0,2465340315.0,5066808,11127960990,11192646.0,4401357705,319590,814928.0,980235,728280,2276742,45810882.0,872910.0,
SHOP002,5548547200,11599036400,3866345466.6666665,20349075.0,3290496,4428580800.0,957600.0,6050489200,78023120,504900.0,13560565920,1200999360,16577120,17853836,28072,14697056.0,29565008.0,56100.0,4281750000.0,7776496,20208392960,19791200.0,7939011520,369600,4195356.0,2102100,4115100,15273720,117520130.0,1370160.0,
SHOP114,16966636720,31322359750,10440786583.333332,4228700.0,2920242,12281283080.0,2992880.0,14355723030,225999851,524550.0,6898039200,867997260,48297601,10263591,27027,22474272.0,25230816.0,21450.0,3645623280.0,15975333,34881130240,18844176.0,6508919040,407550,1354080.0,1000350,3257100,24437259,161431866.0,1148160.0,
SHOP087,391898430,770626890,256875630.0,1190592.0,228000,301177800.0,61215.0,378728460,5005638,108224.0,553452900,82285200,1049400,5276851,5035,964960.0,1656895.0,4864.0,265743595.0,921723,1270700970,1254361.0,455534310,32224,267501.0,320416,313760,1303005,14173665.0,71155.0,
SHOP050,5050460000,9919162400,3306387466.666667,8626926.0,1671096,3284179200.0,1286400.0,4868702400,62025920,6177.0,5629001500,553179060,14707840,4898709,8468,6885648.0,9767142.0,41180.0,1891414800.0,7214694,15340772250,8252037.0,3320017875,275906,1082802.0,846249,1119528,3947840,45571680.0,845640.0,
SHOP061,2291553600,4133228400,1377742800.0,1229168.0,399168,1504633200.0,299880.0,1841674800,26571720,96096.0,1594734240,124031160,5927040,10749222,7656,12538800.0,4036230.0,1760.0,647939490.0,3288096,5767076560,2983156.0,1294649840,34496,653004.0,246048,668160,2735280,50957100.0,169422.0,
SHOP056,18792574065,36662509755,12220836585.0,16906656.0,9473786,13593028275.0,4655304.0,17869935690,262044612,2719080.0,39062071295,3002536620,56384307,29581947,57934,48582240.0,119757048.0,267592.0,18121187480.0,31068477,96560217960,85922928.0,32186739320,2149368,4466064.0,5153304,6896240,12277122,167642973.0,7973312.0,
SHOP070,2165345280,4265820160,1421940053.3333335,1421290.0,330840,1611366400.0,415744.0,2100474880,27023360,105705.0,947036475,105492600,6587392,6854640,3705,2424576.0,2789640.0,3915.0,378496800.0,2725632,5481030240,1766610.0,734066550,48720,277485.0,294060,343824,995904,49667072.0,140940.0,
