shop_id,time_since_last_purchase_by_december_customers,FIT O ORANGE 200MLs_sold,ORANGE BARLEY 1.5Ls_sold_by_LEMONADE 1.5Ls_sold,time_since_last_purchase_by_FIT O ORANGE 1Ls_sold,weekday_sales_by_NECTO 1.5Ls_sold,time_since_last_purchase_by_BOTTLED DRINKING WATER 1.5Ls_sold,BOTTLED DRINKING WATER 500MLs_sold,quantity_per_shop_by_LEMONADE 500MLs_sold,CREAM SODA 1.5Ls_sold_by_FIT O ORANGE 1Ls_sold,LEMONADE 1.5Ls_sold_by_BOTTLED DRINKING WATER 1.5Ls_sold,ORANGE BARLEY 1.5Ls_sold_by_FIT O ORANGE 1Ls_sold,quantity_per_shop_by_avg_customers_per_month,ORANGE BARLEY 1.5Ls_sold_by_BOTTLED DRINKING WATER 1.5Ls_sold,STRAWBERRY MILK 180MLs_sold_by_ORANGE CRUSH 1.5Ls_sold,FIT O MIXED FRUIT 1Ls_sold_by_GINGER BEER SUGAR FREE 500MLs_sold,november_customers,quantity_per_shop_by_NECTO 1.5Ls_sold,FIT O ORANGE 1Ls_sold,average_price_per_invoice_by_FIT O ORANGE 1Ls_sold,CREAM SODA 1.5Ls_sold_by_GINGER BEER 500MLs_sold,time_since_last_purchase_by_unique_customers,average_price_per_invoice_by_LEMONADE 500MLs_sold,time_since_last_purchase_by_FIT O MANGO 200MLs_sold,avg_customers_per_month_by_time_since_last_purchase,FIT O ORANGE 1Ls_sold_by_NECTO 1.5Ls_sold,STRAWBERRY MILK 180MLs_sold_by_LEMONADE 1.5Ls_sold,quantity_per_shop_by_ORANGE CRUSH 1.5Ls_sold,CREAM SODA 1.5Ls_sold_by_NECTO 500MLs_sold,came_more_than_once_by_CREAM SODA 1.5Ls_sold,avg_customers_per_month_by_FIT O MANGO 200MLs_sold,shop_profile
SHOP047,0.01787613387550829,250,2.793103448275862,0.17335692618806875,2173.684210526316,0.26622670807453414,241,110.47826086956522,4.395348837209302,1.0357142857142858,1.8837209302325582,6.904891304347826,2.892857142857143,2.72972972972973,1.0,700.0,33.43421052631579,43,6.022398456757046,2.8208955223880596,0.0080327023988006,11.259266680024043,0.10353260869565217,49.36716243802858,0.5657894736842105,3.4827586206896552,68.67567567567568,10.5,1.687830687830688,5.111111111111111,Moderate
SHOP009,0.006075020472247674,444,1.7734375,0.0632851053511844,1756.4,0.09996170049789353,853,80.75949367088607,3.5179856115107913,1.4545454545454546,1.6330935251798562,6.29812438302073,2.5795454545454546,1.392,1.2272727272727273,1795.0,25.52,139,1.757821913096491,2.893491124260355,0.0035214690327520543,3.09287653063813,0.10598348968451363,115.15774120515499,0.556,1.359375,51.04,9.226415094339623,1.8445807770961145,12.204819277108435,High
SHOP083,0.00807061790668348,261,2.183333333333333,0.06189409128434957,1721.180904522613,0.1433879781420765,505,106.61702127659575,3.223021582733813,2.0,1.8848920863309353,6.488131204143288,4.366666666666666,1.7526881720430108,1.4,1488.0,25.180904522613066,139,1.9278352152714915,5.397590361445783,0.0045280414150129416,5.701470104739092,0.11948998178506375,89.77197662601627,0.6984924623115578,1.3583333333333334,53.88172043010753,15.448275862068966,1.5625,10.726851851851853,Low
SHOP117,0.0068048994238717265,308,1.9307692307692308,0.05772746893807962,1398.0166666666667,0.09557103190859847,402,160.8684210526316,2.7583892617449663,1.4444444444444444,1.6845637583892616,7.121941747572815,2.7888888888888888,1.5964912280701755,1.2741935483870968,1674.0,20.376666666666665,149,1.8613322508936505,6.737704918032787,0.004222578729393158,7.298381720609314,0.06418949904308853,99.79003937257892,0.49666666666666665,0.7,107.24561403508773,11.108108108108109,2.046228710462287,6.4054726368159205,Low
SHOP042,0.008966391883322765,273,2.021505376344086,0.0676555023923445,2351.1382113821137,0.135311004784689,488,115.73684210526316,2.515151515151515,1.4090909090909092,1.4242424242424243,5.989105764866092,2.8484848484848486,2.4363636363636365,1.0425531914893618,1321.0,35.75609756097561,132,1.8557721503613287,3.287128712871287,0.004850910546327796,6.446366417044616,0.1717408906882591,82.22732987584473,1.0731707317073171,1.4408602150537635,79.96363636363637,17.473684210526315,1.7891566265060241,14.121794871794872,Low
SHOP034,0.012084240926111751,221,2.86046511627907,0.10111870568056729,824.3666666666667,0.15167805852085092,403,130.92592592592592,2.8735632183908044,0.7413793103448276,1.4137931034482758,6.669811320754717,2.1206896551724137,2.2432432432432434,1.6956521739130435,963.0,11.783333333333333,87,3.086929962350712,3.8461538461538463,0.006705280026074203,9.946774323130072,0.23150861563708827,60.245569620253164,0.29,3.86046511627907,47.770270270270274,13.88888888888889,1.936,13.947368421052632,Low
SHOP100,0.005188844469658803,357,1.6147186147186148,0.03780097443083212,1131.7224880382776,0.0617512101389166,549,96.20270270270271,3.0186915887850465,1.7633587786259541,1.7429906542056075,6.9931237721021615,2.8473282442748094,3.4017857142857144,1.4776119402985075,1873.0,17.0311004784689,214,1.3485482033919463,4.5174825174825175,0.003240948929566536,3.899855615214547,0.059480945060279955,125.84356401972454,0.5119617224880383,1.6493506493506493,63.5625,15.380952380952381,1.4628482972136223,7.485294117647059,Moderate
SHOP057,0.009412538839202853,243,0.94,0.05792863976774108,2297.16,0.09268582362838573,362,103.70731707317073,1.7794117647058822,1.7647058823529411,1.036764705882353,7.749696233292831,1.6588235294117648,5.125,0.5119047619047619,1120.0,34.016,136,2.113396718203898,2.033613445378151,0.005932451060551798,7.010291553066588,0.1270692743292385,69.64281815808832,1.088,1.64,88.58333333333333,24.2,2.0661157024793386,8.849462365591398,Moderate
SHOP098,0.006262047202828262,297,6.5,0.06226264075954957,1039.3929359823398,0.10895962132921175,505,178.88888888888889,5.771428571428571,1.0,3.7142857142857144,7.2224299065420565,6.5,2.235294117647059,1.934782608695652,1764.0,14.216335540838852,140,2.094586728754366,6.412698412698413,0.00424173708337564,8.145615056266978,0.08716769706336941,102.29324585900675,0.3090507726269316,2.375,75.76470588235294,36.72727272727273,1.0804455445544554,8.916666666666666,Low
SHOP123,0.015051531671196829,168,2.019607843137255,0.0945236188951161,1924.4285714285713,0.13313185759875507,279,112.42307692307692,2.34,0.7183098591549296,1.03,6.223562810503903,1.4507042253521127,3.510204081632653,0.7714285714285715,819.0,27.83809523809524,100,2.5134639303482587,3.4411764705882355,0.00815561854142503,9.667168962877918,0.5251312160839783,49.68775763735954,0.9523809523809523,3.372549019607843,59.6530612244898,13.0,1.7521367521367521,26.092592592592595,Moderate
SHOP116,0.00705035957127701,325,1.8968253968253967,0.04870791269527946,2030.575,0.031223020958512475,622,94.14285714285714,2.0171428571428573,0.46153846153846156,1.3657142857142857,7.371364653243848,0.8754578754578755,8.291666666666666,0.8045977011494253,1649.0,32.95,175,1.6003104597543714,3.394230769230769,0.003801911115822438,4.000776149385929,0.05878541187361314,104.88175628734194,0.875,1.5793650793650793,274.5833333333333,9.54054054054054,2.4220963172804533,6.165517241379311,Moderate
SHOP005,0.007102046942207395,277,1.0533333333333332,0.03659098098485115,1150.9710144927535,0.09248269919248092,670,81.13698630136986,1.7391304347826086,1.6483516483516483,0.6869565217391305,6.5135630498533725,1.7362637362637363,3.784090909090909,0.7945205479452054,1615.0,17.168115942028987,230,1.1214468166482263,3.3333333333333335,0.0038202113601978043,3.533325586699891,0.10263323934775322,108.04911707730977,0.6666666666666666,2.22,67.30681818181819,17.391304347826086,2.055,11.089430894308943,Low
SHOP065,0.008446432315326019,231,2.1566265060240966,0.08167540682272802,2025.606936416185,0.17315186246418338,365,81.53448275862068,3.1226415094339623,1.66,1.6886792452830188,6.489935956084173,3.58,1.5454545454545454,0.8333333333333334,1412.0,27.335260115606935,106,2.5390307066222713,3.4842105263157896,0.005001498049225402,4.6402974983096685,0.1374221130668122,84.16503943957194,0.6127167630057804,1.8433734939759037,47.76767676767677,13.791666666666666,2.0422960725075527,11.566137566137565,Low
SHOP104,0.009528500564885417,227,2.6266666666666665,0.05480486566514632,1836.7080745341616,0.10207406230133502,333,95.35714285714286,1.8120805369127517,0.9375,1.3221476510067114,6.897244546498278,2.4625,4.923076923076923,0.7164179104477612,993.0,24.875776397515526,149,1.9492926847971408,4.285714285714286,0.005473140069776677,6.915347857970809,0.5103703115066751,71.10849876735435,0.9254658385093167,1.7066666666666668,154.03846153846155,13.5,1.8185185185185184,36.291666666666664,Moderate
SHOP091,0.005736520813854741,495,1.6517857142857142,0.031669924342149006,1242.766497461929,0.04879377878296213,784,102.71428571428571,2.0754716981132075,0.6511627906976745,0.6981132075471698,6.717533478667082,1.0755813953488371,2.4390243902439024,1.294871794871795,2108.0,18.248730964467004,265,1.0047032070963833,3.0054644808743167,0.003202033556150128,3.8035192840077365,0.07234939612646109,127.53404987824334,0.6725888324873096,1.7857142857142858,87.6829268292683,10.576923076923077,1.7854545454545454,9.227011494252872,High
SHOP015,0.008859092814316696,169,2.728,0.08929965556831229,1007.4662162162163,0.2626460457891538,242,78.96,5.76,3.676470588235294,3.41,6.443960826985855,10.029411764705882,1.6375,0.9591836734693877,1038.0,13.337837837837839,100,2.6365833333333337,6.0,0.006310929722142211,5.2731666666666674,0.1130375386940662,68.60795405845546,0.33783783783783783,1.048,49.35,19.2,0.953125,7.755274261603375,Low
SHOP062,0.004739958382671124,635,2.6315789473684212,0.03240852497358074,2503.1666666666665,0.03431490879555608,1038,54.25547445255474,1.4444444444444444,0.31932773109243695,0.7936507936507936,6.2409739714525605,0.8403361344537815,3.6785714285714284,1.2435897435897436,2345.0,41.294444444444444,252,0.8780309669880222,1.82,0.0026507459569433123,1.615064260445121,0.03460571310738282,145.83170570222626,1.4,2.710526315789474,132.73214285714286,3.9565217391304346,2.791208791208791,5.046610169491525,High
SHOP084,0.00520424568916252,357,2.252808988764045,0.03868726932400266,1564.123989218329,0.06467566398440139,757,89.28421052631579,2.6210045662100456,1.3587786259541985,1.8310502283105023,6.8810167658193615,3.0610687022900764,1.4935897435897436,0.8,2446.0,22.862533692722373,219,1.204675141844619,3.9047619047619047,0.002929637614784434,2.7770932217260165,0.053965044471061034,145.4901060384223,0.5902964959568733,1.3089887640449438,54.37179487179487,15.513513513513514,2.1463414634146343,7.8513800424628455,Low
SHOP032,0.010122332938553047,172,2.282051282051282,0.09087852759118506,1830.801282051282,0.2584358128374325,471,118.44117647058823,3.5274725274725274,2.4375,1.956043956043956,6.4916711445459425,5.5625,2.042372881355932,0.7647058823529411,1116.0,25.814102564102566,91,2.8759818861341704,4.28,0.005270838757678674,7.697480930535574,0.16215580413329098,75.01056627496494,0.5833333333333334,3.08974358974359,34.1271186440678,16.05,1.6853582554517135,12.163398692810459,Moderate
SHOP041,0.008923752694101133,191,3.041095890410959,0.0904586720465199,1166.111111111111,0.10877941575214418,370,99.75,3.9368421052631577,0.9240506329113924,2.336842105263158,6.518316831683168,2.810126582278481,1.9850746268656716,0.7945205479452054,1244.0,16.816091954022987,95,2.6672038678485093,4.986666666666666,0.005350917711344577,5.758735623763827,0.13860602974869984,78.35312124193726,0.36398467432950193,1.821917808219178,65.50746268656717,9.121951219512194,1.6363636363636365,10.860215053763442,Low
SHOP051,0.006480202734623216,272,1.0822784810126582,0.04027957594521062,3051.3309352517986,0.05389520725063393,704,72.07777777777778,1.8368421052631578,1.1126760563380282,0.9,7.307923394667668,1.204225352112676,2.0422535211267605,1.1604938271604939,1882.0,46.669064748201436,190,1.4388218999511162,2.492857142857143,0.0035186755998115027,3.037512899896801,0.06026078291015762,115.98756230493315,1.3669064748201438,0.9177215189873418,91.36619718309859,6.462962962962963,2.361031518624642,6.989501312335958,High
SHOP066,0.007832692730778688,100,2.436974789915966,0.07451455473970876,715.4423076923077,0.0725874541860956,273,117.34146341463415,3.690265486725664,1.0258620689655173,2.566371681415929,7.3375699034062025,2.5,1.4935064935064934,1.3404255319148937,1133.0,9.251923076923077,113,2.733982231010834,3.7567567567567566,0.005309044568466008,7.535121758639615,0.12203108239981289,77.86881237195162,0.2173076923076923,0.9663865546218487,62.48051948051948,13.9,1.3932853717026379,9.502415458937197,High
SHOP088,0.004764898113303262,557,1.4259259259259258,0.06538971785845636,3885.1898734177216,0.022059181928153954,1595,61.91150442477876,1.375,0.16265060240963855,0.6875,7.085752869682646,0.2319277108433735,4.0,1.037037037037037,1830.0,88.55696202531645,112,1.7304838842634571,0.6637931034482759,0.002752216610352166,1.7151698675885594,0.02370112750856671,134.81440934732754,1.4177215189873418,2.740740740740741,189.0810810810811,3.019607843137255,5.032467532467533,3.1952535059331177,High
SHOP006,0.0072294589884394425,403,3.3,0.11313126362990371,1662.8699551569507,0.13288434140655356,598,127.48837209302326,6.5675675675675675,0.9523809523809523,2.675675675675676,6.7181372549019605,3.142857142857143,2.3552631578947367,0.85,1580.0,24.582959641255606,74,3.5157376711430763,6.075,0.004119937750301611,6.050339248013667,0.0973455059141032,97.47108512020793,0.33183856502242154,2.9833333333333334,72.13157894736842,16.75862068965517,1.5534979423868314,9.488372093023257,Low
SHOP120,0.012190478843680498,147,3.4878048780487805,0.12314150368181605,1165.4521276595744,0.18881697231211794,339,208.1875,5.072463768115942,0.9111111111111111,2.072463768115942,6.7338274932614555,3.1777777777777776,1.4603174603174602,1.4,885.0,17.71808510638298,69,3.8382986696646055,4.117647058823529,0.007057112752529325,16.552663012928612,0.18471225552272408,58.218244143972576,0.3670212765957447,2.2439024390243905,52.87301587301587,12.068965517241379,1.2257142857142858,10.753623188405797,Low
SHOP036,0.008022620545956172,336,1.625,0.0446632457259948,1904.1542288557214,0.09865178451565886,425,66.08045977011494,1.6965174129353233,1.8461538461538463,1.3582089552238805,6.9995941558441555,3.0,3.0923076923076924,0.5583333333333333,1537.0,28.601990049751244,201,1.3233382636367712,2.1582278481012658,0.004488656195462478,3.0573677125401266,0.0816119308265905,91.48989113530328,1.0,1.1964285714285714,88.44615384615385,6.686274509803922,2.1436950146627565,7.466666666666667,Moderate
SHOP027,0.0077648216115245375,256,0.9504132231404959,0.0612362067999776,2367.7697841726617,0.065186929819331,468,141.61764705882354,2.9242424242424243,0.9758064516129032,0.8712121212121212,6.310615989515072,0.9274193548387096,2.5692307692307694,0.98,1503.0,34.64028776978417,132,1.8624991638236672,4.825,0.00420998921749846,7.230879106609531,0.13700303894232277,94.39355133775439,0.9496402877697842,1.3801652892561984,74.07692307692308,21.444444444444443,1.6295336787564767,12.932203389830509,Moderate
SHOP011,0.004737291219349223,332,1.701834862385321,0.03697146842926894,1800.3506097560976,0.0531464858670741,764,61.76712328767123,3.1869565217391305,1.3625,1.6130434782608696,6.724832214765101,2.31875,1.5106382978723405,1.2162162162162162,2718.0,27.49390243902439,230,1.141962702208846,3.3935185185185186,0.0026690011734877136,1.7989823390961275,0.061619114048781565,157.7009253436349,0.7012195121951219,0.9770642201834863,63.95744680851064,11.634920634920634,1.7503410641200545,9.717391304347826,High
SHOP077,0.004908962826395564,421,1.6626506024096386,0.02775939301506911,2096.081632653061,0.05311982613994706,710,66.15384615384616,2.1483870967741936,1.537037037037037,1.335483870967742,6.267206477732794,2.5555555555555554,1.490066225165563,1.7272727272727273,2257.0,31.591836734693878,310,0.8697331646835166,5.045454545454546,0.002871341953510652,2.3044212055717104,0.06060149179346073,143.5143400138217,1.2653061224489797,0.9036144578313253,51.258278145695364,11.68421052631579,1.6951951951951951,8.69718309859155,High
SHOP069,0.00804288275638974,154,1.3397435897435896,0.06428797381306046,1525.7818930041153,0.09985153379475348,311,99.77551020408163,4.239726027397261,1.6595744680851063,1.4315068493150684,6.147108130762782,2.223404255319149,2.189189189189189,1.5081967213114753,1431.0,20.11934156378601,146,1.809539035566433,4.210884353741497,0.0049141592548203284,5.391687738626514,0.15386957666732504,84.73573300529497,0.6008230452674898,1.0384615384615385,66.06756756756756,12.137254901960784,1.1195476575121164,13.03825136612022,Low
SHOP016,0.004975232981897537,444,1.1506024096385543,0.030184313109504757,3363.9306358381505,0.07449156171061265,455,104.57142857142857,1.2862453531598512,1.5229357798165137,0.7100371747211895,7.025326579578779,1.7522935779816513,3.0508474576271185,0.7441860465116279,2424.0,50.774566473988436,269,1.0217775611489706,1.9659090909090908,0.002626845754272656,3.272120999393727,0.08637851304741255,153.9898983027788,1.5549132947976878,1.0843373493975903,148.88135593220338,10.484848484848484,3.300578034682081,13.301418439716311,High
SHOP106,0.007464664137293833,340,1.7251908396946565,0.06897102897102897,2447.6013513513512,0.20863736263736263,644,229.82608695652175,3.28099173553719,3.275,1.8677685950413223,6.404684975767366,5.65,1.85,0.6162790697674418,1615.0,35.71621621621622,121,2.079542925197795,3.97,0.004074948489010989,10.940204084736225,0.15173626373626373,98.89567751676675,0.8175675675675675,1.4122137404580153,52.86,10.72972972972973,1.848866498740554,15.006060606060606,Low
SHOP031,0.0076349661600881415,517,1.6527777777777777,0.03781638168494361,2368.2926829268295,0.04911517865178652,743,71.09302325581395,1.2394366197183098,0.8780487804878049,1.1173708920187793,7.652065081351689,1.451219512195122,4.342105263157895,0.71875,1551.0,37.28048780487805,213,1.2920284319648245,1.4505494505494505,0.003927298536759137,3.20002390707567,0.05479516529859177,99.19441104048559,1.298780487804878,1.1458333333333333,160.89473684210526,6.439024390243903,2.5568181818181817,5.4353741496598635,Moderate
SHOP105,0.00799396154272092,239,3.19327731092437,0.07980526313237354,559.3822075782537,0.14174367630973808,292,76.86206896551724,3.5210084033613445,1.7761194029850746,3.19327731092437,6.543052837573385,5.6716417910447765,2.139784946236559,2.24,1058.0,7.344316309719934,119,2.401902218474009,9.522727272727273,0.00578721895962977,4.928040758593225,0.08959270106370237,71.74326568639366,0.19604612850082373,1.6722689075630253,47.935483870967744,23.27777777777778,1.4749403341288783,6.427672955974844,Low
SHOP118,0.006264670437837082,424,2.0661764705882355,0.05849587979379165,1394.8295454545455,0.12069403046060809,611,126.01785714285714,4.889570552147239,1.7215189873417722,1.7239263803680982,6.576887232059645,3.5569620253164556,2.230769230769231,0.8676470588235294,1926.0,20.048295454545453,163,1.6270950604009868,5.817518248175182,0.0037553479347727605,4.7360088365243005,0.04940325599164787,112.53479918748441,0.4630681818181818,1.7058823529411764,67.85576923076923,25.70967741935484,1.233375156838143,5.5595854922279795,Moderate
SHOP127,0.005987408886782986,583,2.4383561643835616,0.04021351064824919,2278.125,0.03456367857370179,1063,87.8170731707317,1.8846153846153846,0.6033057851239669,1.7115384615384615,7.841379310344827,1.4710743801652892,2.287671232876712,1.1688311688311688,1629.0,36.005,208,1.4091892518097338,2.165745856353591,0.003579122898945585,3.5745288338588366,0.06970341845696527,109.79056619013005,1.04,1.143835616438356,98.64383561643835,9.333333333333334,1.9260204081632653,7.652777777777778,High
SHOP095,0.009888161241324848,219,3.372549019607843,0.07019703656003587,1083.6134453781513,0.11131244368805687,291,117.7741935483871,3.3513513513513513,0.7285714285714285,1.5495495495495495,6.481065088757396,2.4571428571428573,1.0,1.6363636363636365,952.0,15.340336134453782,111,2.4774774774774775,5.904761904761905,0.005597608518795963,8.870967741935484,0.09739838822704976,72.2975687262044,0.46638655462184875,1.3725490196078431,52.15714285714286,15.5,1.3602150537634408,7.041666666666667,Low
SHOP060,0.006998571136966728,272,2.8461538461538463,0.06387584767866458,1718.3415841584158,0.03796394720524404,747,78.01470588235294,3.4365079365079363,0.30660377358490565,1.4682539682539681,6.5818858560794045,0.8726415094339622,1.8591549295774648,1.8333333333333333,1604.0,26.262376237623762,126,1.8985250980069632,2.8300653594771243,0.0040121419778224015,3.5178553286599614,0.08383705007824727,100.14466546112115,0.6237623762376238,2.0307692307692307,74.71830985915493,11.702702702702704,1.628175519630485,8.395833333333334,Low
SHOP067,0.009055014128430025,221,2.9473684210526314,0.07535613452642614,1640.95,0.13680036729412748,549,148.9375,3.4237288135593222,1.1692307692307693,1.8983050847457628,6.496138119036802,3.4461538461538463,2.769230769230769,1.0925925925925926,1329.0,23.83,118,2.217707683527335,6.8474576271186445,0.00484051381280255,8.177797083007048,0.14820039790197143,82.50840045561793,0.59,2.3684210526315788,73.32307692307693,16.16,1.561881188118812,12.227777777777778,Low
SHOP071,0.01166511248397249,158,1.6896551724137931,0.10484546883184913,2065.7476635514017,0.11602898550724637,395,124.4074074074074,3.1204819277108435,0.7733333333333333,1.180722891566265,5.751712328767123,1.3066666666666666,2.488888888888889,1.4545454545454546,1027.0,31.39252336448598,83,2.821285140562249,4.886792452830188,0.005650762281197063,8.672839506172838,0.11920786182251339,67.10966774918812,0.7757009345794392,1.9310344827586208,74.64444444444445,17.266666666666666,1.7567567567567568,8.0,Low
SHOP073,0.0073794062325525924,204,1.6470588235294117,0.05284892128223294,1885.9408602150538,0.09290284056982001,505,83.0,2.251497005988024,1.431578947368421,1.341317365269461,6.039179104477611,2.357894736842105,2.2916666666666665,1.0689655172413792,1743.0,29.00537634408602,167,1.4499203563316716,5.013333333333334,0.004099289295927961,3.7251799924213715,0.21013737747935476,101.21874330486948,0.8978494623655914,1.213235294117647,74.93055555555556,18.8,2.1382978723404253,21.269841269841272,Low
SHOP035,0.009314380896182374,336,2.0,0.060502978516941155,2589.951923076923,0.09799778210490469,284,77.31372549019608,1.7739130434782608,1.028169014084507,1.2695652173913043,7.671206225680934,2.056338028169014,5.230769230769231,0.7818181818181819,1011.0,37.91346153846154,115,2.468026380068393,1.7142857142857142,0.005448584596278961,5.565157523683631,0.13642828489114184,73.87347411565536,1.1057692307692308,2.7945205479452055,101.1025641025641,4.636363636363637,2.3872549019607843,10.07843137254902,Moderate
SHOP021,0.0070975689647189855,217,2.742857142857143,0.05049671677446565,1464.12,0.08524714552248502,468,84.98360655737704,2.7579617834394905,1.1290322580645162,1.8343949044585988,6.878372401592216,3.096774193548387,4.0181818181818185,0.6463414634146342,1468.0,20.736,157,1.826471250426686,4.865168539325842,0.004230514692417879,4.700917808475241,0.07340726419991765,95.06409396655083,0.628,2.104761904761905,94.25454545454545,18.041666666666668,1.5173210161662818,6.978395061728395,Low
SHOP103,0.013246911840683858,176,2.6263736263736264,0.08338457899716178,1811.0,0.21718774064377022,175,92.95238095238095,5.705357142857143,2.116279069767442,2.1339285714285716,6.801393728222997,5.558139534883721,5.074074074074074,2.303030303030303,1089.0,24.4,112,2.6598916918014806,6.264705882352941,0.006826807637194532,7.093044511470615,0.12793250476276877,61.462203942703155,0.7,1.5054945054945055,144.59259259259258,53.25,0.837245696400626,7.863013698630137,Moderate
SHOP053,0.0065254143559115825,335,1.6164383561643836,0.057843137254901957,2206.0393258426966,0.03931086997905958,654,73.82716049382717,3.1285714285714286,0.7087378640776699,1.6857142857142857,6.330275229357799,1.145631067961165,2.619718309859155,0.7903225806451613,1833.0,33.59550561797753,140,1.7987995939803167,2.789808917197452,0.0033504506477808334,3.1090363352746215,0.04907902554961378,116.65375302663438,0.7865168539325843,1.273972602739726,84.22535211267606,8.264150943396226,1.735159817351598,5.725252525252525,Moderate
SHOP085,0.008920283256566443,276,1.3733333333333333,0.07764524817237399,1631.3681592039802,0.0992133726647001,561,99.11764705882354,3.2695652173913046,1.6666666666666667,1.791304347826087,6.197384552513282,2.2888888888888888,2.4565217391304346,1.1607142857142858,1497.0,25.149253731343283,115,2.1947893282020736,4.043010752688172,0.0043642246040190655,4.949034759671343,0.11905604719764011,91.34819953749587,0.572139303482587,1.5066666666666666,54.94565217391305,11.393939393939394,1.946808510638298,10.875555555555556,Low
SHOP063,0.007497916850839419,224,1.3841059602649006,0.047080828144610974,1826.0091743119267,0.06101923121373922,595,80.01449275362319,1.9898477157360406,0.993421052631579,1.0609137055837563,6.273863636363636,1.375,1.0925925925925926,1.375,1613.0,25.325688073394495,197,1.3578383996018977,3.186991869918699,0.0042526011666613305,3.8767270249503456,0.10305470160542625,94.87949240020835,0.9036697247706422,0.7814569536423841,51.120370370370374,14.518518518518519,2.0280612244897958,9.777777777777779,High
SHOP048,0.009485995106724035,247,2.0652173913043477,0.06556719817767653,1980.8333333333333,0.06717950632958661,472,121.91428571428571,3.056,0.7540983606557377,1.52,6.494672754946728,1.5573770491803278,3.5510204081632653,0.8666666666666667,1093.0,28.446666666666665,125,2.111129476584022,3.70873786407767,0.0048843264435098725,7.539748130657221,0.14635535307517084,80.1620344635909,0.8333333333333334,1.891304347826087,87.08163265306122,14.692307692307692,1.4109947643979057,11.732142857142858,Moderate
SHOP055,0.011339608779185481,133,0.9361702127659575,0.091791148959933,1802.391304347826,0.31143425539977265,315,94.1470588235294,2.536842105263158,3.357142857142857,0.9263157894736842,5.798913043478261,3.142857142857143,2.0,2.0,1138.0,27.83478260869565,95,2.5399752645320874,3.4927536231884058,0.0063650796724041125,7.096989709722009,0.13015162912229306,63.301596958174905,0.8260869565217391,1.2127659574468086,56.1578947368421,13.38888888888889,1.954356846473029,8.238805970149254,Moderate
SHOP125,0.012095122555733836,311,1.0975609756097562,0.08144049187527448,6167.419354838709,0.09048943541697166,453,58.34426229508197,0.5333333333333333,0.5061728395061729,0.5,10.025352112676057,0.5555555555555556,11.11111111111111,0.2222222222222222,858.0,114.80645161290323,90,3.2182539682539684,0.3157894736842105,0.008207888318896645,4.74824355971897,0.1242312587927916,48.43345556514236,2.903225806451613,2.4390243902439024,395.44444444444446,2.1818181818181817,7.208333333333333,6.016949152542373,High
SHOP014,0.005842818823713042,475,1.587719298245614,0.07165140978553362,2426.791907514451,0.08598169174264035,744,77.7710843373494,2.9035087719298245,1.2,1.587719298245614,6.896367521367521,1.9052631578947368,3.135135135135135,0.5795454545454546,1808.0,37.3121387283237,114,2.156334584596376,4.1375,0.0035467914526925025,2.9617125619757454,0.13844509687374293,114.58987813868771,0.6589595375722543,2.0350877192982457,87.22972972972973,13.24,2.5347432024169185,15.864406779661017,Moderate
SHOP008,0.03990641711229947,7,0.38461538461538464,1.5506493506493508,944.2307692307693,0.6385026737967915,25,47.125,4.0,0.7647058823529411,0.7142857142857143,1.9947089947089947,0.29411764705882354,2.6666666666666665,1.0,0.0,29.0,7,39.00070372976777,4.0,0.05743145743145744,34.1256157635468,2.170909090909091,17.412060301507537,0.5384615384615384,0.6153846153846154,125.66666666666667,28.0,1.5,37.8,Moderate
SHOP089,0.0064796634693752965,340,1.8837209302325582,0.03727320434953734,2567.948717948718,0.05016645113711315,724,93.33333333333333,1.397196261682243,0.8113207547169812,1.1355140186915889,7.127704709376326,1.528301886792453,3.6379310344827585,0.6707317073170732,1431.0,35.8974358974359,214,1.229098612769625,1.834355828220859,0.004077947715133431,4.383785052211663,0.056570678941851,98.49809341408286,1.3717948717948718,1.6356589147286822,96.55172413793103,6.5,2.31438127090301,5.57210401891253,Moderate
SHOP075,0.006160173997261649,360,1.5865384615384615,0.05998524041305138,2127.3469387755104,0.04946151402479675,753,68.41237113402062,2.106382978723404,0.6081871345029239,1.1702127659574468,6.313986679352997,0.9649122807017544,1.64,0.7282608695652174,1895.0,33.857142857142854,141,1.6640374111049665,1.596774193548387,0.0031665739042456924,2.4188585048020648,0.07689017180218403,124.26224614410422,0.7193877551020408,1.1826923076923077,88.48,6.456521739130435,2.9865319865319866,9.554545454545455,High
SHOP020,0.005787279036582995,483,2.069620253164557,0.035606479496264866,2554.65,0.06722503328894806,700,154.19148936170214,2.98728813559322,1.264,1.3855932203389831,7.247,2.616,1.766355140186916,0.7483443708609272,1930.0,36.235,236,1.239703282011472,5.3816793893129775,0.0035576330064007234,6.224893075632071,0.10374233532245072,119.00328804024878,1.18,1.1962025316455696,67.72897196261682,17.625,1.3659574468085107,12.345679012345679,Moderate
SHOP086,0.0048097116055634,364,1.8493975903614457,0.03456980216498694,2264.2355371900826,0.06238159789170575,666,89.47777777777777,2.058333333333333,1.2481203007518797,1.2791666666666666,6.2669260700389104,2.308270676691729,1.3983739837398375,1.1842105263157894,2416.0,33.27685950413223,240,1.0549263300999412,3.4545454545454546,0.0026222353096071,2.81313688026651,0.06056023736932018,154.87987582669726,0.9917355371900827,1.036144578313253,65.47154471544715,14.529411764705882,2.327935222672065,9.379562043795621,High
SHOP026,0.005672030488433967,407,2.3691275167785233,0.0487990209263543,1069.1943127962086,0.15162552930688658,651,91.33823529411765,2.8448275862068964,2.6607142857142856,2.028735632183908,6.986501687289089,6.303571428571429,2.611111111111111,0.6904761904761905,1569.0,14.718009478672986,174,1.5369143685093523,5.15625,0.004014671225146879,3.932692648832754,0.05209220638764201,104.69872766524274,0.41232227488151657,2.208053691275168,49.29365079365079,11.0,1.7252525252525253,5.45398773006135,Moderate
SHOP068,0.005683465475148732,435,1.3760330578512396,0.053103790911972516,1428.8760806916428,0.11697186376556108,583,115.11864406779661,4.411042944785276,3.27027027027027,2.042944785276074,6.940054495912807,4.5,1.9234972677595628,1.4057971014492754,1724.0,19.57348703170029,163,1.7161008087005019,8.07865168539326,0.003675549010043108,4.741092064714946,0.06607570930268336,113.06330257104959,0.4697406340057637,1.4545454545454546,37.114754098360656,17.11904761904762,1.3004172461752435,7.470737913486005,Low
SHOP090,0.01274561514040806,184,2.5681818181818183,0.10241476636351418,1977.9565217391305,0.15272377440173168,347,152.04545454545453,3.235294117647059,0.7719298245614035,1.3294117647058823,6.141370869033048,1.9824561403508771,3.5416666666666665,2.588235294117647,1032.0,29.08695652173913,85,2.9415834455123187,4.741379310344827,0.006326493561699641,11.36520876675214,0.12992918120744337,62.56757072032662,0.7391304347826086,3.8636363636363638,69.6875,10.576923076923077,1.6763636363636363,8.129353233830845,Moderate
SHOP022,0.00800274617800966,406,2.0933333333333333,0.06299761791329204,2823.146551724138,0.057063059704068886,742,81.47692307692307,1.824,0.5434782608695652,1.256,7.519167061050639,1.1376811594202898,4.533333333333333,0.59375,1409.0,45.6551724137931,125,2.088803986710963,1.982608695652174,0.004492129058278098,4.016930743674929,0.07499716418249053,89.4425353419243,1.0775862068965518,2.72,117.68888888888888,3.9310344827586206,2.8289473684210527,6.707936507936508,High
SHOP052,0.006483904819703636,327,3.7111111111111112,0.037785514294134986,1182.7162162162163,0.039487564487564485,701,117.5925925925926,2.2543103448275863,0.40540540540540543,1.4396551724137931,6.446700507614213,1.5045045045045045,3.0444444444444443,1.475,1717.0,17.16216216216216,232,1.156338460918533,4.184,0.0035534006146085593,4.967972646909253,0.08429076265614727,112.36289182469653,0.6270270270270271,3.0444444444444443,70.55555555555556,15.382352941176471,1.6405353728489485,9.471153846153847,Low
SHOP039,0.005876388292399729,514,0.9631901840490797,0.042376635160140314,2577.603550295858,0.04152054152054152,1198,71.93,1.7835051546391754,0.8232323232323232,0.8092783505154639,7.2681037386325364,0.7929292929292929,2.1779661016949152,0.5118110236220472,1849.0,42.562130177514796,194,1.2787824600300248,1.5043478260869565,0.003329715358876963,2.480837972458248,0.054085968559652774,120.38177526763887,1.1479289940828403,1.5766871165644172,60.95762711864407,6.653846153846154,2.540462427745665,6.510964912280701,Moderate
SHOP003,0.00817122907214727,263,1.1904761904761905,0.06835297969875573,1526.219512195122,0.07554803019336159,467,72.44444444444444,3.9126984126984126,1.4736842105263157,1.5873015873015872,6.355808285946385,1.7543859649122806,1.4189189189189189,1.2096774193548387,1499.0,21.203252032520325,126,2.1054860730479845,5.189473684210526,0.004172710969982181,3.684600627833973,0.1794265717092338,95.28812850489497,0.5121951219512195,0.625,70.48648648648648,23.476190476190474,1.432048681541582,17.09722222222222,High
SHOP037,0.006385971777580617,438,2.2527472527472527,0.062127089774137015,2186.698113207547,0.06678662150719729,771,96.16666666666667,2.8372093023255816,0.7583333333333333,1.5891472868217054,6.764361078546307,1.7083333333333333,4.12,1.0,1603.0,36.289308176100626,129,1.8648336833372223,3.2972972972972974,0.0037643938848584664,4.009392419175028,0.1214302209221769,106.43349181193872,0.8113207547169812,3.3956043956043955,76.93333333333334,9.891891891891891,2.139344262295082,12.924242424242424,Low
SHOP059,0.005967092309105619,323,2.7169811320754715,0.05958252172351389,1680.1811594202898,0.08557064290079122,805,84.975,4.022222222222222,1.127659574468085,2.1333333333333333,6.693140794223827,3.0638297872340425,2.295918367346939,0.975,2084.0,24.630434782608695,135,1.86516091209232,3.138728323699422,0.003251269374565228,3.14745903915579,0.05434892184239442,126.26952623850376,0.4891304347826087,2.1226415094339623,69.36734693877551,8.901639344262295,1.7771639042357275,6.862612612612613,High
SHOP043,0.004252642874226064,668,1.757396449704142,0.03505704318111999,2033.961937716263,0.044583413610772164,1113,104.6086956521739,2.3675213675213675,0.9184782608695652,1.2692307692307692,6.79181369089626,1.6141304347826086,1.661764705882353,0.8288288288288288,2859.0,33.30103806228374,234,1.065611918500005,2.462222222222222,0.0023431442743165032,2.7103607492282737,0.10004083054124485,172.73434967889082,0.8096885813148789,1.3372781065088757,70.76470588235294,8.65625,2.3537906137184117,17.28048780487805,High
SHOP028,0.007444735896905645,393,2.466019417475728,0.08834926375613536,1258.1448763250883,0.1332035053554041,525,81.8923076923077,4.663265306122449,1.5846153846153845,2.5918367346938775,6.499389499389499,3.9076923076923076,2.4625,0.6865671641791045,1496.0,18.809187279151942,98,2.6209726904557367,3.5703125,0.004252567705354256,3.9516203640717262,0.09620253164556962,94.59210526315789,0.3462897526501767,1.912621359223301,66.5375,16.321428571428573,1.5798687089715535,9.1,Low
SHOP099,0.00629645824223874,357,2.954954954954955,0.06712753002056178,905.9691629955947,0.06942248831186304,636,135.70454545454547,4.231404958677686,0.9487179487179487,2.7107438016528924,6.811026615969582,2.8034188034188032,4.531645569620253,1.1578947368421053,1553.0,13.151982378854626,121,2.27219494017913,8.827586206896552,0.003739609177020246,6.248536085492606,0.08640884183497846,107.9315604364054,0.2665198237885463,3.225225225225225,75.58227848101266,16.516129032258064,1.4921875,9.326241134751772,Low
SHOP033,0.0047683948131223815,413,1.7263157894736842,0.030350923639417746,1683.8461538461538,0.0614022532089759,456,64.26495726495726,1.6425855513307985,1.4615384615384615,1.247148288973384,6.7014260249554365,2.523076923076923,1.5545454545454545,1.4102564102564104,2106.0,25.14715719063545,263,1.0225156585733992,3.130434782608696,0.0028889949030643748,2.2984753692718294,0.04051925338663384,140.5611159153288,0.8795986622073578,0.9,68.35454545454546,4.853932584269663,2.4189814814814814,5.695431472081219,High
SHOP013,0.005964690361880668,385,0.7043010752688172,0.04492157428791378,3956.206896551724,0.06360576890324075,476,58.69,1.3,1.6460176991150441,0.81875,8.065506184150252,1.1592920353982301,5.081081081081081,0.9642857142857143,1547.0,67.45977011494253,160,1.7231281272337384,1.5877862595419847,0.004171475267595011,2.7570050035739815,0.05891354004972299,101.24125743051464,1.839080459770115,1.010752688172043,158.6216216216216,3.8518518518518516,3.3990384615384617,5.96448087431694,Moderate
SHOP058,0.004276437441519618,831,1.1776061776061777,0.022121628840137502,2075.6269113149847,0.01904765560180574,1234,81.10687022900764,1.2939481268011528,0.6426799007444168,0.8789625360230547,9.099343419925777,0.7568238213399504,6.861538461538461,0.5458015267175572,2425.0,32.49235474006116,347,0.9059693552710945,1.3244837758112094,0.002715318432093284,2.399781421977632,0.04264558448626508,152.11509269210103,1.0611620795107033,1.722007722007722,163.46153846153845,7.87719298245614,2.6191536748329622,6.487037037037037,High
SHOP113,0.005834078379061691,469,1.4926108374384237,0.037735879697294486,1830.0925925925926,0.12208666960889392,637,108.59375,2.286363636363636,2.985294117647059,1.3772727272727272,6.99195171026157,4.455882352941177,3.0530973451327434,0.8709677419354839,1885.0,25.74074074074074,220,1.2442745128483812,2.6335078534031413,0.0034094018617678796,4.2771936379163105,0.14824809881079976,119.73172096225848,0.8148148148148148,1.6995073891625616,61.50442477876106,10.934782608695652,1.7495029821073558,17.75,Moderate
SHOP126,0.009215965227414849,271,2.7162162162162162,0.05952503568117947,2631.2916666666665,0.08198731329671889,495,97.59615384615384,1.595890410958904,0.6981132075471698,1.3767123287671232,7.191780821917809,1.8962264150943395,5.586956521739131,0.5742574257425742,1306.0,42.291666666666664,146,1.7158028637245522,1.45625,0.004912750259724252,4.8174465019958586,0.09148058115212845,81.19832735961766,1.2166666666666666,3.472972972972973,110.32608695652173,5.065217391304348,2.5665236051502145,7.428070175438596,Moderate
SHOP040,0.008614246334873898,294,2.6744186046511627,0.059176126996090254,1983.465909090909,0.11186719897891034,340,94.34,2.217391304347826,1.178082191780822,1.6666666666666667,7.040298507462687,3.1506849315068495,2.0579710144927534,3.357142857142857,1277.0,26.801136363636363,138,2.084936646647727,3.731707317073171,0.005094388974086372,5.754425144747725,0.09958909177390798,82.04444444444444,0.7840909090909091,1.6511627906976745,68.3623188405797,8.742857142857142,1.9901960784313726,8.170731707317072,Moderate
SHOP025,0.007832173669049928,185,2.108695652173913,0.08991335372069317,1118.7422360248447,0.1998074527126515,396,136.25714285714287,5.73,3.066666666666667,2.91,6.642061281337047,6.466666666666667,1.5957446808510638,1.3235294117647058,1140.0,14.81055900621118,100,2.79337899543379,6.662790697674419,0.005393722478745841,7.981082844096544,0.16650621059387624,79.85465676548948,0.3105590062111801,1.0869565217391304,50.734042553191486,16.37142857142857,1.2076788830715532,13.296296296296296,Low
SHOP082,0.004508147897347153,452,1.6262135922330097,0.04342443001660879,1692.1692307692308,0.06478644800865022,746,89.49462365591398,3.6594594594594594,1.6612903225806452,1.8108108108108107,6.672634954569749,2.7016129032258065,2.1414141414141414,0.8977272727272727,2494.0,25.60923076923077,185,1.433965018123434,4.284810126582278,0.0026716061034494933,2.8525110575573684,0.039769898777587256,155.26611033843298,0.5692307692307692,1.029126213592233,84.07070707070707,16.11904761904762,1.740029542097489,6.1749174917491745,High
SHOP111,0.004820187021687626,421,1.3,0.01999031876507,2839.186046511628,0.0463305034908093,777,66.3768115942029,1.0101522842639594,1.3529411764705883,0.7588832487309645,7.502047502047502,1.7588235294117647,2.6,0.9375,2601.0,42.604651162790695,394,0.7005910775962993,1.9702970297029703,0.0026617727588501457,2.000238294006826,0.04832015701495448,155.02427990235964,1.8325581395348838,1.017391304347826,101.77777777777777,6.982456140350878,2.9547738693467336,7.49079754601227,High
SHOP072,0.006813969721038823,458,0.9064039408866995,0.03713760986488259,1776.244635193133,0.04046598056032018,840,86.88311688311688,1.6536796536796536,0.9575471698113207,0.7965367965367965,6.69,0.8679245283018868,2.5035971223021583,0.8229166666666666,1872.0,28.71244635193133,231,1.1332977418768304,2.9160305343511452,0.0033563332859107503,3.399893225630491,0.10092691622103386,116.56658424584953,0.9914163090128756,1.7142857142857142,48.1294964028777,7.958333333333333,2.180628272251309,11.764705882352942,High
SHOP078,0.006032663914383139,239,2.298076923076923,0.042774315493440254,1072.109557109557,0.05190298038533299,438,81.22368421052632,2.7035175879396984,1.2682926829268293,2.4020100502512562,6.985665786495662,2.9146341463414633,3.0,1.507936507936508,1649.0,14.389277389277389,199,1.4789038069604992,3.6598639455782314,0.004106169215241008,3.8723928629623594,0.12336360555354507,103.81314024958093,0.46386946386946387,1.6298076923076923,54.6283185840708,10.549019607843137,1.5780669144981412,12.806763285024154,Moderate
SHOP112,0.010334814446316249,164,0.6938775510204082,0.04981380563124432,2400.05376344086,0.2019478606672067,337,114.8,1.56,2.6486486486486487,0.4533333333333333,6.63157894736842,1.837837837837838,2.245614035087719,0.859375,967.0,37.03225806451613,150,1.8159611508154663,3.0789473684210527,0.005712592388904166,9.079805754077332,0.1737690894113174,69.50326678214363,1.6129032258064515,1.3061224489795917,60.421052631578945,13.764705882352942,2.0213675213675213,12.077519379844961,Moderate
SHOP094,0.005185970093494198,304,1.7,0.059716058613892155,1582.7659574468084,0.13336586423769248,511,98.08823529411765,3.611940298507463,2.5,1.9029850746268657,6.817717206132879,4.25,2.0288461538461537,1.537313432835821,2008.0,23.652482269503547,134,1.9423647889584335,4.888888888888889,0.0035406866611776763,3.8276012017710306,0.0833536651485578,122.26183700571862,0.475177304964539,1.4066666666666667,64.13461538461539,23.047619047619047,2.09297520661157,10.190972222222223,Low
SHOP018,0.004630247250316014,608,1.2727272727272727,0.021561560083896644,3096.410891089109,0.036298589682523245,1033,69.12230215827338,1.2425068119891007,1.0091743119266054,0.7629427792915532,8.637698531615223,1.2844036697247707,4.877049180327869,0.738255033557047,2373.0,47.56435643564357,367,0.803512873493199,1.3179190751445087,0.00294495442902496,2.1215052127482306,0.03596860250359122,140.56872533637616,1.816831683168317,2.7045454545454546,78.75409836065573,9.91304347826087,2.4714912280701755,5.056060606060606,High
SHOP122,0.007678457165815985,474,1.5737704918032787,0.060734463276836154,1999.789156626506,0.06575761437492035,615,78.97101449275362,2.1875,0.9172932330827067,1.3333333333333333,7.073561228905236,1.443609022556391,2.04,0.9365079365079365,1438.0,32.825301204819276,144,1.766694008992587,2.202797202797203,0.004617614948186064,3.6870135839845295,0.07950693374422188,88.08074935400518,0.8674698795180723,1.2540983606557377,72.65333333333334,6.702127659574468,2.13015873015873,7.003030303030303,Moderate
SHOP017,0.007236073169888309,285,1.65,0.06633067072397617,1788.2038834951456,0.1108309941210741,432,112.04255319148936,2.4015151515151514,1.7721518987341771,1.75,6.3267921505806965,2.9240506329113924,2.095744680851064,0.9433962264150944,1600.0,25.563106796116504,132,1.8593571179778077,3.4835164835164836,0.004356044047544703,5.222024246235545,0.1591936097375428,95.06244225684158,0.6407766990291263,1.4071428571428573,56.02127659574468,15.85,2.4290220820189274,15.133333333333335,High
SHOP045,0.00625257669036646,393,1.6024844720496894,0.04403130321952802,2196.5989847715737,0.058503130151820446,762,84.56164383561644,2.3421052631578947,1.1258741258741258,1.3578947368421053,6.093780848963474,1.8041958041958042,2.117021276595745,1.4727272727272727,1832.0,31.33502538071066,190,1.3050318771777667,3.677685950413223,0.003200439025137844,3.3966583104626804,0.04647748673172402,121.0861036927894,0.9644670050761421,1.236024844720497,65.67021276595744,9.270833333333334,1.8112359550561798,5.627777777777778,High
SHOP007,0.0070398990417302725,190,2.49438202247191,0.0989062359196179,1010.1720183486239,0.11610732042737755,501,78.22535211267606,9.592592592592593,1.289855072463768,2.740740740740741,7.307894736842106,3.217391304347826,1.7567567567567568,0.8032786885245902,1480.0,12.738532110091743,81,3.5504140033936795,6.876106194690266,0.0044831589868433415,4.050472313730817,0.1511585869714915,94.86475713228177,0.18577981651376146,1.4606741573033708,75.05405405405405,15.857142857142858,0.9073359073359073,14.339622641509434,Low
SHOP119,0.007557016766968942,283,2.2988505747126435,0.07605548067307275,1982.5625,0.08459232034045847,418,50.57446808510638,3.4403669724770642,0.8877551020408163,1.834862385321101,7.106128550074739,2.0408163265306123,2.681159420289855,0.4174757281553398,1296.0,29.7125,109,2.32797689488925,2.6595744680851063,0.005210589185018812,2.6994625696056196,0.09314659992544864,80.69917676652183,0.68125,2.1264367816091956,68.89855072463769,7.9787234042553195,1.6746666666666667,7.51685393258427,Moderate
SHOP001,0.012488839354437472,131,2.5357142857142856,0.10615513451271852,1671.4015151515152,0.18520683042644506,353,73.04878048780488,3.182926829268293,1.1914893617021276,1.7317073170731707,6.645710059171598,3.021276595744681,1.8,1.1142857142857143,729.0,22.689393939393938,82,3.356316549502515,3.676056338028169,0.007785975876603683,6.71263309900503,0.17068080451064546,51.77267199158531,0.6212121212121212,1.125,85.57142857142857,26.1,1.5402298850574712,8.836601307189543,Low
SHOP054,0.008381450400108084,283,1.3734939759036144,0.034461405366025794,3566.1111111111113,0.12998600269641308,571,106.59574468085107,1.0930232558139534,1.456140350877193,0.5302325581395348,7.844467640918581,2.0,7.170731707317073,1.7777777777777777,1306.0,55.666666666666664,215,1.3724889555722264,2.1171171171171173,0.004674575491290565,6.278406924426142,0.18071224765111088,86.19911475193234,2.388888888888889,3.5421686746987953,122.1951219512195,9.791666666666666,2.476595744680851,15.577235772357723,High
SHOP102,0.007792436047901142,369,1.7155172413793103,0.0752168191403339,2048.0844155844156,0.0643158308591261,791,62.858823529411765,2.5084745762711864,0.8405797101449275,1.6864406779661016,6.046397585816673,1.4420289855072463,2.5294117647058822,0.7,1565.0,34.6948051948052,118,1.86887224023338,1.9602649006622517,0.003922043596358551,2.594434404088692,0.08965237028847879,99.56151630129287,0.7662337662337663,1.4827586206896552,78.57352941176471,8.969696969696969,2.570945945945946,8.925925925925926,Low
SHOP115,0.011549606938878625,177,1.2830188679245282,0.09473427596294491,1603.4586466165413,0.1243387372013652,474,74.04444444444445,2.7857142857142856,1.65625,1.619047619047619,6.537606278613473,2.125,3.0,0.7111111111111111,981.0,25.05263157894737,84,3.00045199542687,2.6,0.006366143344709898,5.600843724796824,0.1205708966801117,64.04714931091668,0.631578947368421,1.2452830188679245,75.72727272727273,8.357142857142858,2.08974358974359,7.722222222222222,Moderate
SHOP079,0.004712751481860699,301,1.1778656126482214,0.04265894735135047,1617.9874213836479,0.09919490167241736,623,97.41025641025641,2.9689119170984455,3.0481927710843375,1.544041450777202,6.903089036947304,3.5903614457831323,1.2706766917293233,1.2714285714285714,2091.0,23.89308176100629,193,1.4514304794131854,3.23728813559322,0.003115087718051699,3.5913600323941637,0.06748505605582493,133.68675156814297,0.6069182389937107,0.6679841897233202,57.12781954887218,11.01923076923077,1.8603839441535777,9.021857923497269,Low
SHOP049,0.006239926623795067,429,1.8,0.04015646559332232,2661.6666666666665,0.08069905104811889,739,92.578125,1.6794258373205742,1.25,1.1196172248803828,6.9136522753792296,2.25,2.6451612903225805,0.8461538461538461,1675.0,38.72549019607843,209,1.2554299924452281,3.2803738317757007,0.004044675329640657,4.099763569078948,0.13536615014523168,102.11253426599866,1.3660130718954249,1.2615384615384615,95.56451612903226,12.535714285714286,2.2678062678062676,13.82258064516129,Low
SHOP121,0.007137630095403295,201,2.188311688311688,0.03972246313963573,1423.5775862068965,0.03790940465608389,591,162.05,3.791304347826087,0.6390041493775933,1.4652173913043478,6.825552825552826,1.3983402489626555,1.52,1.1746031746031746,1648.0,18.626436781609197,230,1.308147464958886,7.032258064516129,0.003911030189262079,7.521847923513595,0.13240821046545243,103.94585785709765,0.6609195402298851,0.987012987012987,64.82,41.523809523809526,0.9197247706422018,13.76328502415459,High
SHOP010,0.006533479995472808,405,2.4545454545454546,0.06034135452961672,1863.073394495413,0.06599835651676829,585,76.4125,3.3785714285714286,0.859375,1.9285714285714286,6.29557157569516,2.109375,2.8227848101265822,0.9696969696969697,1829.0,28.041284403669724,140,1.7418117960014963,3.784,0.003480753866562151,3.0481706430026185,0.10056892421602787,114.94130915324583,0.6422018348623854,2.0272727272727273,77.37974683544304,11.0,1.8202959830866807,11.55952380952381,Moderate
SHOP124,0.006207392586668341,590,0.6804511278195489,0.028589603848992177,2816.0365853658536,0.05146128692818592,731,56.01587301587302,1.10752688172043,1.7161290322580645,0.6487455197132617,7.5513552068473615,1.167741935483871,3.728395061728395,0.7325581395348837,1874.0,43.03658536585366,279,1.0193694096452972,1.8614457831325302,0.0034969309398811123,2.257175121357444,0.07058849091919307,117.17755009307712,1.701219512195122,1.1353383458646618,87.1358024691358,6.3061224489795915,2.838187702265372,8.271386430678465,High
SHOP012,0.010995991943494298,154,1.6666666666666667,0.13211126552401123,2205.8571428571427,0.09908344914300841,198,63.75,3.4782608695652173,0.782608695652174,1.7391304347826086,5.984354628422425,1.3043478260869565,2.576923076923077,0.6231884057971014,928.0,29.142857142857142,69,3.316622854971658,1.875,0.007217480064257145,4.7676453540217585,0.2025706071368172,56.093838704291194,0.6571428571428571,1.8611111111111112,58.84615384615385,7.0588235294117645,1.7,11.362962962962962,Low
SHOP093,0.009289687350051772,260,1.2682926829268293,0.056582641132133515,3701.1111111111113,0.05532524910697499,574,67.44827586206897,1.0303030303030303,0.6074074074074074,0.7878787878787878,7.078407720144753,0.7703703703703704,2.6315789473684212,0.676056338028169,1012.0,62.095238095238095,132,1.9331959661764222,1.9154929577464788,0.00500261797015514,4.399687371298064,0.06609653654373118,73.99563899980177,2.0952380952380953,1.2195121951219512,102.94736842105263,9.714285714285714,3.4779411764705883,4.890855457227138,High
SHOP004,0.008139058432868874,219,2.7662337662337664,0.06869365317341329,1813.1843575418995,0.16201333295616344,327,131.91666666666666,3.288,1.4528301886792452,1.704,6.511425959780621,4.018867924528302,1.9104477611940298,1.3,1405.0,26.53072625698324,125,2.1245285876561906,4.724137931034483,0.004923570324929278,7.376835373806218,0.1060087240330452,84.93749272494472,0.6983240223463687,1.6623376623376624,70.88059701492537,13.7,1.6763990267639903,9.004115226337449,Low
SHOP101,0.005782027144999937,337,1.7909604519774012,0.03361803134503916,1990.9243697478992,0.07087801608579089,540,72.46315789473684,1.9328063241106719,1.475,1.2529644268774704,6.333026678932843,2.6416666666666666,2.3529411764705883,2.4545454545454546,2001.0,28.92436974789916,253,1.0939165502207215,3.3958333333333335,0.003155978452799594,2.913272496903606,0.07594073152049023,127.80173364854215,1.0630252100840336,0.903954802259887,101.23529411764706,9.588235294117647,1.950920245398773,9.705357142857142,High
SHOP046,0.00815836957768808,154,2.408450704225352,0.05654594086604497,1201.9082840236686,0.03867528974328547,788,106.1,3.627586206896552,0.33490566037735847,1.1793103448275861,7.323976069949379,0.8066037735849056,1.1956521739130435,1.7045454545454546,1366.0,15.695266272189349,145,1.8783584441782766,6.658227848101266,0.004723019254364354,5.4472394881170025,0.12237554366532119,88.34236768090003,0.4289940828402367,1.5492957746478873,57.66304347826087,19.48148148148148,1.2984790874524714,10.810945273631841,
SHOP024,0.01216875250723613,154,2.98,0.10310008992394568,1239.531914893617,0.05584588204213724,397,186.42857142857142,4.186813186813187,0.2976190476190476,1.6373626373626373,5.893125940792775,0.8869047619047619,0.9512195121951219,0.631578947368421,1304.0,16.659574468085108,91,2.6747644188999535,4.233333333333333,0.005717311507056098,11.590645815233131,0.19546058714748035,70.80853475250697,0.3872340425531915,1.56,47.74390243902439,14.11111111111111,1.5170603674540681,13.840277777777779,
SHOP023,0.007121657608209985,195,2.3893129770992365,0.07322524874082574,1569.4542253521126,0.09312341415952839,601,382.375,6.410256410256411,1.423913043478261,2.675213675213675,6.800296406076325,3.402173913043478,2.9012345679012346,0.8765432098765432,1722.0,21.54225352112676,117,2.3866527212607522,7.8125,0.0038470382140442802,17.45239802421925,0.05788752772078792,105.01102859581734,0.4119718309859155,1.7938931297709924,75.53086419753086,28.846153846153847,1.056,6.078828828828828,
SHOP097,0.009134203784542168,308,1.0,0.03841152071840222,2319.3288590604025,0.05711843015918251,428,83.92307692307692,0.8951965065502183,0.935064935064935,0.62882096069869,7.994626282364435,0.935064935064935,3.3968253968253967,0.6185567010309279,1273.0,36.61073825503356,229,1.2895451058001877,1.1581920903954803,0.005270364436497368,4.54316660351143,0.0977359804946012,77.57103825136612,1.5369127516778522,1.4861111111111112,86.58730158730158,6.212121212121212,3.078048780487805,7.5814814814814815,
SHOP044,0.011296395454584086,130,3.122448979591837,0.1296556433518681,2144.1071428571427,0.17373856209150326,212,115.96875,3.8507462686567164,0.98,2.283582089552239,6.181565796779567,3.06,8.294117647058824,1.0,1083.0,33.13392857142857,67,3.7344975411128796,3.5342465753424657,0.005597247490061316,7.819104226705091,0.1447821350762527,69.10766684222408,0.5982142857142857,2.877551020408163,218.2941176470588,9.555555555555555,1.9806201550387597,10.005555555555556,
SHOP030,0.0075100061748461875,429,7.5,0.06797518409540267,1100.051413881748,0.07038138530231958,473,106.01785714285714,4.769230769230769,0.6371681415929203,4.615384615384615,8.369830827067668,4.778761061946903,4.305555555555555,1.3111111111111111,1386.0,15.262210796915166,117,2.6617519060843997,5.9361702127659575,0.00485833630981192,5.561160232354907,0.08739666526551772,89.18957915831665,0.30077120822622105,4.305555555555555,82.45833333333333,13.95,1.2885304659498207,7.794871794871796,
SHOP038,0.011006572490551066,228,2.4166666666666665,0.070788846360462,926.3707165109034,0.08137930368997993,418,92.6304347826087,2.335616438356164,0.6614173228346457,1.3904109589041096,5.807814629713767,1.5984251968503937,1.1688311688311688,1.736842105263158,1246.0,13.274143302180685,146,1.671224964527036,2.939655172413793,0.00580301604077903,5.304322713498854,0.13250219959778783,70.98737179107131,0.45482866043613707,1.0714285714285714,55.33766233766234,7.413043478260869,1.8592375366568914,9.405982905982906,
SHOP029,0.006381244258024831,397,2.5595238095238093,0.043346172136116856,1845.0510204081634,0.06337735774447388,657,97.27586206896552,2.4093264248704664,0.6363636363636364,1.1139896373056994,6.925531914893617,1.628787878787879,4.560975609756097,1.2456140350877194,1526.0,28.785714285714285,193,1.4046226627618834,4.1891891891891895,0.004076906053738086,4.67400299850075,0.0638611543684775,97.38047453162099,0.9846938775510204,2.2261904761904763,137.609756097561,8.017241379310345,1.6150537634408602,6.21882951653944,
SHOP096,0.0054407268329576975,354,4.077586206896552,0.06231393610121334,1035.4347826086957,0.09955904733412246,636,97.4,5.899280575539568,1.3333333333333333,3.402877697841727,6.549471661863593,5.436781609195402,1.6363636363636365,1.04,1814.0,14.115942028985508,139,2.0023050829194897,7.592592592592593,0.003468817428141231,3.976005807511558,0.13533807996982272,120.18513195714658,0.28778467908902694,1.2413793103448276,77.47727272727273,23.428571428571427,1.1926829268292682,16.265625,
SHOP092,0.0075204072131351074,404,1.6014492753623188,0.05063740856844306,2050.1704545454545,0.0938783417280124,539,81.20588235294117,2.242424242424242,1.550561797752809,1.3393939393939394,6.347126436781609,2.4831460674157304,1.4258064516129032,1.037037037037037,1677.0,31.375,165,1.551029644715999,3.3333333333333335,0.0037183677853996904,3.7635278143844095,0.05967980295566503,104.12711514651258,0.9375,1.6014492753623188,35.6258064516129,9.487179487179487,2.0135135135135136,6.214285714285714,
SHOP081,0.007910658957281222,376,1.5957446808510638,0.055427350427350426,4126.486486486487,0.07045849630595392,858,73.84507042253522,1.5133333333333334,0.7966101694915254,1.0,7.047043010752688,1.271186440677966,5.520833333333333,0.6171875,1368.0,70.85135135135135,150,1.7075281803542672,1.2204301075268817,0.004188464767809856,3.6074539021569025,0.07106070567609028,89.48650732459522,2.027027027027027,2.8191489361702127,109.22916666666667,11.35,2.682819383259912,6.358974358974359,
SHOP076,0.007139354806997696,239,4.46875,0.06518780119927896,1277.331081081081,0.06324189668586765,597,97.33928571428571,3.1615384615384614,0.47761194029850745,2.2,6.721331689272503,2.1343283582089554,2.9473684210526314,1.368421052631579,1464.0,18.41554054054054,130,2.0319804504887378,3.9902912621359223,0.004254223973848527,4.717097474348855,0.09630016086257119,95.69983069977427,0.4391891891891892,3.5,71.72368421052632,11.108108108108109,1.7591240875912408,9.215909090909092,
SHOP080,0.011183761577230888,225,5.121951219512195,0.08790677110705139,812.0035460992908,0.16684346352970977,280,185.73684210526315,4.182795698924731,0.8367346938775511,2.2580645161290325,6.960552268244576,4.285714285714286,1.9682539682539681,1.793103448275862,913.0,12.51418439716312,93,3.1004562992195344,7.938775510204081,0.006447420909271119,15.175917675127195,0.1542515040180336,62.015847409375596,0.32978723404255317,3.024390243902439,56.01587301587302,14.961538461538462,1.1053984575835476,9.566037735849056,
SHOP074,0.00536068537755196,309,1.5596330275229358,0.05554965250295453,1709.9,0.08445814513204311,482,94.14666666666666,4.1879194630872485,2.2244897959183674,2.2818791946308723,6.378500451671183,3.4693877551020407,1.8041237113402062,1.5740740740740742,2072.0,23.536666666666665,149,1.82936302433972,5.473684210526316,0.003022972323937263,3.634334541688244,0.05708205670993259,133.74575477222157,0.49666666666666665,0.8027522935779816,72.79381443298969,18.352941176470587,1.6939102564102564,7.63448275862069,
SHOP107,0.012240930056106863,234,4.0588235294117645,0.06514664470538228,2920.472972972973,0.059133108271039306,966,108.62162162162163,1.2033898305084745,0.13076923076923078,0.5847457627118644,10.530131004366812,0.5307692307692308,17.785714285714285,0.9545454545454546,831.0,54.310810810810814,118,2.2679089169273787,1.3653846153846154,0.00834669280698709,7.23279059993056,0.0732124197641439,49.648961837768034,1.5945945945945945,14.647058823529411,287.07142857142856,4.733333333333333,2.6267605633802815,3.634920634920635,
SHOP108,0.0064528465214452576,162,3.123809523809524,0.06924006743646023,1557.2407407407406,0.10027871835625274,628,109.86274509803921,5.23015873015873,1.206896551724138,2.6031746031746033,6.4899613899613895,3.7701149425287355,2.2857142857142856,0.8245614035087719,1430.0,20.751851851851853,126,2.141694518545774,5.990909090909091,0.004200408520459311,5.291245281113089,0.1817551770207081,98.95790263548797,0.4666666666666667,1.6761904761904762,72.76623376623377,26.36,1.2094081942336874,17.98611111111111,
SHOP019,0.007532749453550546,183,1.9196428571428572,0.06650181047425593,982.8473804100228,0.11424670004551661,289,119.91111111111111,5.91044776119403,2.871794871794872,3.208955223880597,6.591205211726384,5.512820512820513,1.7012987012987013,1.12,1429.0,12.291571753986332,134,2.1596941401367546,8.608695652173912,0.004636442561680695,6.431089217296114,0.0990138067061144,91.86896857016379,0.3052391799544419,0.5848214285714286,70.07792207792208,14.943396226415095,0.9684343434343434,9.096296296296297,
SHOP002,0.00505635550704177,346,1.8104575163398693,0.07033751678545605,1060.9235074626865,0.08292423031548503,638,97.77333333333333,7.473214285714286,1.6105263157894736,2.4732142857142856,7.0622792937399685,2.9157894736842107,1.376,1.5636363636363637,1942.0,13.680970149253731,112,2.561533468521396,7.678899082568807,0.0030569661932367395,3.8252233129919517,0.08952047590876223,131.80495640201926,0.208955223880597,1.1241830065359477,58.664,19.022727272727273,1.1111111111111112,11.799242424242424,
SHOP114,0.006470608555257385,368,2.1415929203539825,0.03996916576477169,1504.8235294117646,0.04666790863037589,693,120.82,1.6842105263157894,0.6312849162011173,1.1578947368421053,6.268765133171913,1.3519553072625698,1.5,1.2533333333333334,1758.0,23.690196078431374,209,1.1943937152697948,2.3624161073825505,0.003368369211627937,4.992565729827742,0.061423203270862384,115.36005835577785,0.8196078431372549,1.168141592920354,68.64772727272727,9.025641025641026,2.2613636363636362,7.08578431372549,
SHOP087,0.013513809133169265,107,1.5542168674698795,0.15298651848870864,1933.392857142857,0.24570562060307755,265,89.4375,6.169811320754717,2.515151515151515,2.4339622641509435,6.640371229698376,3.909090909090909,1.4680851063829787,1.2758620689655173,815.0,25.553571428571427,53,5.4718235648334,9.909090909090908,0.007486874866021754,9.06270777925532,0.2533839212469237,53.15550384459733,0.4732142857142857,0.8313253012048193,60.8936170212766,17.210526315789473,1.238532110091743,13.46875,
SHOP050,0.006663396570544263,243,2.763888888888889,0.06822522458796067,1388.8990825688074,0.11427725118483412,292,81.49295774647888,5.768656716417911,1.8,2.970149253731343,7.140271493212669,4.975,1.56,0.54,1386.0,17.69418960244648,134,2.171703212333395,5.900763358778626,0.00514183357412077,4.098707471164436,0.09937152276942098,88.6367720753413,0.40978593272171254,0.8125,77.14666666666666,26.655172413793103,1.0633893919793014,8.807971014492754,
SHOP061,0.008536024472682155,151,1.5338345864661653,0.08779910886187359,1470.469483568075,0.1434052111410602,348,282.4375,4.683673469387755,2.216666666666667,2.0816326530612246,6.5587808417997095,3.4,2.980392156862745,3.076923076923077,1215.0,21.215962441314552,98,3.0036987076280406,9.5625,0.004928014128558769,18.397654584221748,0.10005014730771641,80.07612304993421,0.460093896713615,1.1428571428571428,88.6078431372549,20.863636363636363,1.3965141612200436,8.011627906976743,
SHOP056,0.004508877075844223,632,1.5135135135135136,0.03333671765714544,1564.2627345844503,0.0674865259888554,698,82.26923076923077,3.032128514056225,2.105691056910569,1.5742971887550201,7.244707874682472,3.186991869918699,2.4651162790697674,0.7480314960629921,2283.0,22.93833780160858,249,1.0852158634538152,3.61244019138756,0.00293108852282105,2.5982572115384617,0.03705733346709471,142.27471151568474,0.6675603217158177,1.2277992277992278,66.32558139534883,9.096385542168674,1.490066225165563,5.272321428571429,
SHOP070,0.009744378908697443,162,3.296875,0.07995610908118707,2138.941605839416,0.13992319089207736,247,130.0,3.4732142857142856,1.0,1.8839285714285714,6.336134453781512,3.296875,2.9148936170212765,1.2,1148.0,27.51824817518248,112,2.4731553790224856,10.805555555555555,0.0062931020499599095,9.55149663622477,0.20352464129756706,66.44270289097875,0.8175182481751825,2.140625,80.2127659574468,25.933333333333334,1.4473007712082262,13.522727272727273,
